personnel_code,unit_code,weekly_duty_hours,consecutive_duty_days,leave_days_last_90,night_shift_ratio,deployment_months_last_year,transfer_count_last_2yr,training_load_hours,overdue_leave_flag,stress_level,mood,sleep_quality,fatigue_level,perceived_workload,burnout_index,stress_label,data_source
PID-00001,UNIT-31,56.3,3,13,0.36,2.7,1,18.8,False,2,4,3,3,3,0.408,0,SYNTHETIC_DEMO_DATA
PID-00002,UNIT-37,37.4,4,17,0.47,2.6,2,5.8,False,3,3,4,2,2,0.331,0,SYNTHETIC_DEMO_DATA
PID-00003,UNIT-08,62.5,6,4,0.05,10.0,3,23.7,False,3,2,2,4,4,0.573,0,SYNTHETIC_DEMO_DATA
PID-00004,UNIT-18,65.2,6,16,0.2,3.3,1,41.5,False,2,3,3,3,3,0.455,0,SYNTHETIC_DEMO_DATA
PID-00005,UNIT-04,30.0,7,13,0.11,0.0,4,16.9,False,3,4,5,2,2,0.268,0,SYNTHETIC_DEMO_DATA
PID-00006,UNIT-11,33.8,8,7,0.17,1.5,1,27.7,False,3,4,4,2,3,0.265,0,SYNTHETIC_DEMO_DATA
PID-00007,UNIT-23,53.8,5,7,0.03,7.8,0,43.6,False,3,3,4,2,3,0.441,0,SYNTHETIC_DEMO_DATA
PID-00008,UNIT-06,47.6,9,10,0.15,4.2,4,28.6,False,3,3,4,3,2,0.378,1,SYNTHETIC_DEMO_DATA
PID-00009,UNIT-18,51.8,4,14,0.24,4.6,0,13.6,False,3,3,4,3,3,0.453,0,SYNTHETIC_DEMO_DATA
PID-00010,UNIT-38,40.1,6,11,0.31,8.5,0,22.4,False,3,4,3,2,2,0.289,0,SYNTHETIC_DEMO_DATA
PID-00011,UNIT-03,64.3,9,4,0.37,2.7,1,24.8,False,4,3,3,4,2,0.555,1,SYNTHETIC_DEMO_DATA
PID-00012,UNIT-10,62.9,3,7,0.14,6.9,0,34.3,False,2,3,3,3,3,0.417,0,SYNTHETIC_DEMO_DATA
PID-00013,UNIT-12,52.9,4,20,0.49,3.0,1,32.1,False,2,4,4,2,2,0.311,0,SYNTHETIC_DEMO_DATA
PID-00014,UNIT-37,67.8,6,10,0.56,6.7,1,0.0,False,3,3,3,3,4,0.616,1,SYNTHETIC_DEMO_DATA
PID-00015,UNIT-30,58.5,10,14,0.62,3.8,1,11.4,False,3,3,3,4,3,0.539,1,SYNTHETIC_DEMO_DATA
PID-00016,UNIT-08,40.0,8,12,0.56,4.3,1,19.3,False,3,4,3,2,3,0.351,0,SYNTHETIC_DEMO_DATA
PID-00017,UNIT-29,57.2,5,10,0.25,7.5,0,9.8,False,3,3,5,4,3,0.482,0,SYNTHETIC_DEMO_DATA
PID-00018,UNIT-01,38.6,7,9,0.23,7.2,2,0.0,False,4,3,4,3,3,0.415,0,SYNTHETIC_DEMO_DATA
PID-00019,UNIT-32,64.3,4,14,0.09,4.5,2,12.7,False,3,4,3,3,2,0.473,0,SYNTHETIC_DEMO_DATA
PID-00020,UNIT-09,51.3,6,13,0.4,3.6,0,20.0,False,3,3,5,3,3,0.324,0,SYNTHETIC_DEMO_DATA
PID-00021,UNIT-29,49.4,5,10,0.28,9.8,2,14.7,False,2,3,4,3,3,0.418,0,SYNTHETIC_DEMO_DATA
PID-00022,UNIT-20,42.5,7,4,0.59,6.8,2,10.0,False,3,4,4,3,3,0.436,0,SYNTHETIC_DEMO_DATA
PID-00023,UNIT-30,69.1,5,11,0.15,3.8,0,20.4,False,2,4,3,2,3,0.443,0,SYNTHETIC_DEMO_DATA
PID-00024,UNIT-14,49.8,7,8,0.3,3.0,0,23.4,False,3,3,3,3,2,0.44,0,SYNTHETIC_DEMO_DATA
PID-00025,UNIT-22,46.0,7,7,0.22,8.1,0,15.3,False,2,5,2,2,3,0.401,0,SYNTHETIC_DEMO_DATA
PID-00026,UNIT-37,47.1,11,25,0.24,5.3,3,33.7,False,2,3,4,3,4,0.423,0,SYNTHETIC_DEMO_DATA
PID-00027,UNIT-33,59.5,3,0,0.62,4.5,2,20.6,True,2,3,3,4,2,0.594,1,SYNTHETIC_DEMO_DATA
PID-00028,UNIT-22,57.1,5,14,0.11,5.3,1,11.3,False,4,3,3,3,3,0.482,0,SYNTHETIC_DEMO_DATA
PID-00029,UNIT-37,57.8,7,3,0.2,6.0,0,8.8,False,3,3,4,2,4,0.364,0,SYNTHETIC_DEMO_DATA
PID-00030,UNIT-05,58.0,2,9,0.24,4.8,0,17.9,False,3,4,3,3,3,0.452,0,SYNTHETIC_DEMO_DATA
PID-00031,UNIT-29,82.0,10,24,0.32,8.6,1,31.1,False,2,3,3,3,4,0.537,0,SYNTHETIC_DEMO_DATA
PID-00032,UNIT-26,46.3,7,3,0.14,8.8,0,11.8,False,3,2,3,2,3,0.372,0,SYNTHETIC_DEMO_DATA
PID-00033,UNIT-11,44.8,7,4,0.38,6.6,1,26.0,False,2,3,4,2,3,0.436,0,SYNTHETIC_DEMO_DATA
PID-00034,UNIT-16,40.6,7,8,0.22,9.1,3,20.9,False,2,2,4,4,3,0.52,0,SYNTHETIC_DEMO_DATA
PID-00035,UNIT-17,60.6,4,3,0.45,5.0,2,39.9,False,3,3,3,3,3,0.463,0,SYNTHETIC_DEMO_DATA
PID-00036,UNIT-28,67.8,5,14,0.08,7.1,2,23.9,False,3,3,3,3,3,0.433,0,SYNTHETIC_DEMO_DATA
PID-00037,UNIT-25,50.4,12,5,0.02,8.0,0,13.0,False,2,4,5,3,3,0.398,0,SYNTHETIC_DEMO_DATA
PID-00038,UNIT-32,40.2,7,12,0.21,8.1,2,27.4,False,4,3,3,3,2,0.444,0,SYNTHETIC_DEMO_DATA
PID-00039,UNIT-27,40.5,6,1,0.3,7.7,0,27.7,True,3,3,3,3,2,0.519,0,SYNTHETIC_DEMO_DATA
PID-00040,UNIT-40,61.1,7,0,0.1,6.9,0,16.0,False,2,3,4,2,3,0.384,0,SYNTHETIC_DEMO_DATA
PID-00041,UNIT-34,62.4,4,7,0.42,10.9,2,8.4,False,4,2,2,3,2,0.6,0,SYNTHETIC_DEMO_DATA
PID-00042,UNIT-24,59.6,8,0,0.42,3.4,2,25.4,False,3,4,2,3,3,0.518,0,SYNTHETIC_DEMO_DATA
PID-00043,UNIT-01,42.7,5,18,0.11,4.5,1,20.6,False,2,3,5,2,1,0.275,0,SYNTHETIC_DEMO_DATA
PID-00044,UNIT-15,55.3,5,0,0.24,4.4,1,4.8,False,3,4,4,2,3,0.455,0,SYNTHETIC_DEMO_DATA
PID-00045,UNIT-06,53.6,13,2,0.11,3.9,1,22.5,False,1,3,4,3,4,0.442,0,SYNTHETIC_DEMO_DATA
PID-00046,UNIT-18,55.1,3,11,0.36,0.0,3,13.6,False,3,3,4,3,3,0.39,0,SYNTHETIC_DEMO_DATA
PID-00047,UNIT-40,64.2,10,5,0.07,9.1,1,4.8,False,3,3,3,3,4,0.477,0,SYNTHETIC_DEMO_DATA
PID-00048,UNIT-17,55.1,7,0,0.09,1.9,3,16.5,True,2,3,3,3,4,0.486,0,SYNTHETIC_DEMO_DATA
PID-00049,UNIT-33,61.5,5,21,0.12,5.5,0,32.8,False,4,3,4,2,3,0.405,0,SYNTHETIC_DEMO_DATA
PID-00050,UNIT-19,52.9,5,2,0.26,0.7,1,32.1,False,2,4,4,2,3,0.291,0,SYNTHETIC_DEMO_DATA
PID-00051,UNIT-24,56.0,7,7,0.11,6.9,0,29.5,False,3,4,4,3,3,0.431,1,SYNTHETIC_DEMO_DATA
PID-00052,UNIT-02,60.8,6,7,0.37,2.6,1,22.7,False,3,3,3,4,3,0.456,0,SYNTHETIC_DEMO_DATA
PID-00053,UNIT-28,31.6,4,13,0.37,1.6,0,26.0,False,2,4,4,1,2,0.219,0,SYNTHETIC_DEMO_DATA
PID-00054,UNIT-10,47.5,5,11,0.58,5.6,0,21.0,False,3,2,2,3,3,0.526,0,SYNTHETIC_DEMO_DATA
PID-00055,UNIT-19,45.4,8,4,0.2,2.9,1,8.9,False,2,2,3,3,3,0.38,0,SYNTHETIC_DEMO_DATA
PID-00056,UNIT-40,43.1,6,7,0.24,3.3,0,10.9,False,3,4,3,3,2,0.416,0,SYNTHETIC_DEMO_DATA
PID-00057,UNIT-09,48.1,7,7,0.52,5.5,2,13.9,False,4,3,3,4,4,0.579,0,SYNTHETIC_DEMO_DATA
PID-00058,UNIT-38,72.9,6,13,0.06,7.4,1,34.0,False,3,3,5,3,3,0.418,1,SYNTHETIC_DEMO_DATA
PID-00059,UNIT-34,39.9,4,1,0.15,2.5,3,30.8,True,2,3,3,3,3,0.479,0,SYNTHETIC_DEMO_DATA
PID-00060,UNIT-02,65.6,6,21,0.5,2.0,1,9.2,False,2,3,3,2,2,0.351,0,SYNTHETIC_DEMO_DATA
PID-00061,UNIT-15,30.0,12,4,0.3,5.1,2,20.5,False,3,3,4,3,3,0.451,0,SYNTHETIC_DEMO_DATA
PID-00062,UNIT-40,47.3,5,8,0.2,6.6,2,16.0,False,3,2,3,3,4,0.448,0,SYNTHETIC_DEMO_DATA
PID-00063,UNIT-19,54.3,12,2,0.09,9.4,2,18.4,False,3,2,3,3,3,0.566,0,SYNTHETIC_DEMO_DATA
PID-00064,UNIT-32,60.2,7,1,0.19,1.8,3,14.6,True,2,4,4,2,3,0.284,0,SYNTHETIC_DEMO_DATA
PID-00065,UNIT-37,62.0,9,3,0.1,4.0,3,34.1,False,3,3,4,3,3,0.455,0,SYNTHETIC_DEMO_DATA
PID-00066,UNIT-01,63.1,4,3,0.44,8.5,2,19.8,False,4,3,3,4,2,0.607,0,SYNTHETIC_DEMO_DATA
PID-00067,UNIT-30,47.1,5,6,0.27,10.9,1,22.2,False,3,3,3,2,3,0.512,0,SYNTHETIC_DEMO_DATA
PID-00068,UNIT-37,45.5,8,3,0.22,2.0,2,22.2,False,4,4,4,3,2,0.432,0,SYNTHETIC_DEMO_DATA
PID-00069,UNIT-24,64.0,5,13,0.32,2.8,1,9.7,False,2,3,4,3,3,0.436,0,SYNTHETIC_DEMO_DATA
PID-00070,UNIT-39,49.3,8,4,0.12,6.1,2,21.1,False,3,3,3,3,3,0.508,0,SYNTHETIC_DEMO_DATA
PID-00071,UNIT-28,34.1,6,3,0.3,3.3,2,30.6,False,2,3,4,4,3,0.541,0,SYNTHETIC_DEMO_DATA
PID-00072,UNIT-26,36.1,2,6,0.21,2.7,0,34.7,False,3,3,4,2,2,0.295,0,SYNTHETIC_DEMO_DATA
PID-00073,UNIT-05,39.1,6,14,0.4,5.7,2,8.5,False,3,3,3,3,2,0.392,0,SYNTHETIC_DEMO_DATA
PID-00074,UNIT-32,59.0,8,10,0.26,9.6,2,4.8,False,4,3,3,3,4,0.442,1,SYNTHETIC_DEMO_DATA
PID-00075,UNIT-35,54.0,5,8,0.3,1.1,1,20.6,False,3,4,4,3,2,0.445,0,SYNTHETIC_DEMO_DATA
PID-00076,UNIT-14,61.7,5,0,0.58,9.5,1,31.1,True,3,4,3,3,2,0.568,1,SYNTHETIC_DEMO_DATA
PID-00077,UNIT-07,46.0,8,2,0.02,3.3,1,23.6,False,2,3,2,3,3,0.481,0,SYNTHETIC_DEMO_DATA
PID-00078,UNIT-23,54.2,6,1,0.07,6.0,0,26.8,False,3,3,3,3,3,0.446,0,SYNTHETIC_DEMO_DATA
PID-00079,UNIT-38,60.8,8,16,0.12,9.8,2,6.4,False,3,3,3,3,4,0.509,0,SYNTHETIC_DEMO_DATA
PID-00080,UNIT-30,47.7,7,12,0.06,6.0,1,14.3,False,3,3,4,3,4,0.419,0,SYNTHETIC_DEMO_DATA
PID-00081,UNIT-33,58.4,7,3,0.15,4.1,1,0.0,False,4,3,4,4,3,0.527,0,SYNTHETIC_DEMO_DATA
PID-00082,UNIT-23,42.7,1,5,0.03,7.2,1,18.6,False,2,3,5,3,3,0.314,0,SYNTHETIC_DEMO_DATA
PID-00083,UNIT-17,46.9,5,4,0.12,4.5,3,0.0,False,3,2,2,4,3,0.49,0,SYNTHETIC_DEMO_DATA
PID-00084,UNIT-13,46.7,7,3,0.46,6.6,0,33.3,False,3,3,3,3,2,0.448,0,SYNTHETIC_DEMO_DATA
PID-00085,UNIT-33,35.3,8,11,0.11,4.4,0,35.5,False,2,2,4,3,1,0.311,0,SYNTHETIC_DEMO_DATA
PID-00086,UNIT-26,58.8,11,7,0.35,7.6,1,21.4,False,3,3,3,4,3,0.51,0,SYNTHETIC_DEMO_DATA
PID-00087,UNIT-30,45.4,10,21,0.53,0.8,1,4.9,False,3,3,4,3,3,0.472,0,SYNTHETIC_DEMO_DATA
PID-00088,UNIT-34,52.2,4,16,0.27,2.0,2,23.8,False,3,4,4,3,2,0.285,0,SYNTHETIC_DEMO_DATA
PID-00089,UNIT-40,58.7,5,16,0.06,0.8,4,38.6,False,3,4,4,2,3,0.372,0,SYNTHETIC_DEMO_DATA
PID-00090,UNIT-34,58.3,4,13,0.38,4.8,1,24.8,False,2,4,3,3,3,0.518,0,SYNTHETIC_DEMO_DATA
PID-00091,UNIT-18,61.3,2,6,0.1,0.4,2,31.8,False,3,3,4,3,3,0.46,0,SYNTHETIC_DEMO_DATA
PID-00092,UNIT-06,50.6,5,12,0.19,2.9,0,15.1,False,2,3,4,2,2,0.343,0,SYNTHETIC_DEMO_DATA
PID-00093,UNIT-23,46.1,3,6,0.56,1.7,1,11.3,False,3,3,3,2,3,0.468,0,SYNTHETIC_DEMO_DATA
PID-00094,UNIT-18,50.9,8,18,0.07,9.4,2,19.3,False,3,3,3,2,2,0.503,0,SYNTHETIC_DEMO_DATA
PID-00095,UNIT-38,30.0,4,11,0.33,2.0,0,0.7,False,3,3,5,2,3,0.247,0,SYNTHETIC_DEMO_DATA
PID-00096,UNIT-02,31.7,3,10,0.23,1.1,1,42.6,False,3,5,4,1,3,0.264,0,SYNTHETIC_DEMO_DATA
PID-00097,UNIT-35,33.5,8,9,0.25,5.7,3,21.4,False,3,3,4,3,2,0.493,0,SYNTHETIC_DEMO_DATA
PID-00098,UNIT-26,38.0,3,19,0.15,10.1,1,28.7,False,2,4,3,3,3,0.396,0,SYNTHETIC_DEMO_DATA
PID-00099,UNIT-03,57.6,5,0,0.5,4.7,1,15.4,False,2,2,3,3,3,0.501,1,SYNTHETIC_DEMO_DATA
PID-00100,UNIT-10,39.3,8,20,0.29,4.9,2,4.6,False,3,3,4,3,1,0.368,0,SYNTHETIC_DEMO_DATA
PID-00101,UNIT-03,46.7,7,7,0.41,8.9,1,34.3,False,4,2,2,2,3,0.508,1,SYNTHETIC_DEMO_DATA
PID-00102,UNIT-38,70.2,8,0,0.06,7.6,0,8.8,False,3,4,3,3,4,0.422,1,SYNTHETIC_DEMO_DATA
PID-00103,UNIT-26,47.0,8,4,0.01,6.3,2,23.5,False,2,3,3,3,2,0.55,0,SYNTHETIC_DEMO_DATA
PID-00104,UNIT-25,62.3,6,0,0.42,3.3,1,24.4,True,4,3,3,2,3,0.476,0,SYNTHETIC_DEMO_DATA
PID-00105,UNIT-21,38.9,5,12,0.28,6.4,2,20.7,False,3,3,3,2,2,0.429,0,SYNTHETIC_DEMO_DATA
PID-00106,UNIT-17,49.1,9,2,0.07,0.9,3,12.2,False,3,4,4,2,2,0.252,0,SYNTHETIC_DEMO_DATA
PID-00107,UNIT-07,38.7,3,10,0.37,3.1,1,18.5,False,2,3,4,3,2,0.343,0,SYNTHETIC_DEMO_DATA
PID-00108,UNIT-30,47.3,5,15,0.47,9.3,0,10.5,False,3,3,3,3,2,0.552,0,SYNTHETIC_DEMO_DATA
PID-00109,UNIT-06,63.8,4,4,0.19,8.9,2,28.1,False,4,3,2,3,3,0.555,1,SYNTHETIC_DEMO_DATA
PID-00110,UNIT-09,30.0,2,7,0.44,6.3,4,25.7,False,3,3,3,3,4,0.396,0,SYNTHETIC_DEMO_DATA
PID-00111,UNIT-40,58.1,5,1,0.47,0.0,1,19.8,False,2,3,3,3,3,0.492,1,SYNTHETIC_DEMO_DATA
PID-00112,UNIT-04,55.3,6,6,0.18,1.4,1,14.3,False,3,5,3,3,3,0.487,0,SYNTHETIC_DEMO_DATA
PID-00113,UNIT-39,43.7,8,24,0.48,3.0,1,41.1,False,2,5,4,2,3,0.354,0,SYNTHETIC_DEMO_DATA
PID-00114,UNIT-04,31.8,4,13,0.25,4.5,2,7.0,False,3,3,5,2,2,0.282,0,SYNTHETIC_DEMO_DATA
PID-00115,UNIT-20,53.0,7,7,0.44,1.2,0,4.6,False,3,3,3,3,2,0.515,0,SYNTHETIC_DEMO_DATA
PID-00116,UNIT-24,44.6,6,5,0.6,4.3,0,19.2,False,2,3,3,3,3,0.444,0,SYNTHETIC_DEMO_DATA
PID-00117,UNIT-05,55.3,8,8,0.11,10.3,1,17.4,False,2,4,3,4,3,0.591,0,SYNTHETIC_DEMO_DATA
PID-00118,UNIT-36,52.3,3,9,0.16,6.2,1,31.0,False,3,3,3,3,3,0.47,0,SYNTHETIC_DEMO_DATA
PID-00119,UNIT-39,74.4,5,6,0.63,5.7,2,26.5,False,3,3,3,3,4,0.545,0,SYNTHETIC_DEMO_DATA
PID-00120,UNIT-09,48.6,7,12,0.24,1.9,3,20.3,False,2,2,3,3,2,0.44,0,SYNTHETIC_DEMO_DATA
PID-00121,UNIT-09,37.7,4,3,0.31,0.1,0,25.0,False,2,3,3,3,2,0.403,0,SYNTHETIC_DEMO_DATA
PID-00122,UNIT-31,54.5,9,3,0.27,1.3,2,24.8,False,2,4,2,2,3,0.465,0,SYNTHETIC_DEMO_DATA
PID-00123,UNIT-15,55.1,5,11,0.12,0.0,0,41.0,False,2,4,4,3,2,0.361,0,SYNTHETIC_DEMO_DATA
PID-00124,UNIT-02,71.0,3,1,0.44,5.2,0,22.5,False,3,2,4,3,3,0.513,0,SYNTHETIC_DEMO_DATA
PID-00125,UNIT-31,63.7,2,13,0.34,6.2,1,13.2,False,4,3,4,4,2,0.474,0,SYNTHETIC_DEMO_DATA
PID-00126,UNIT-15,57.0,5,8,0.27,2.1,2,22.0,False,3,3,4,3,3,0.508,0,SYNTHETIC_DEMO_DATA
PID-00127,UNIT-17,72.5,1,0,0.09,5.4,0,0.0,False,2,3,3,2,3,0.402,0,SYNTHETIC_DEMO_DATA
PID-00128,UNIT-27,35.4,11,9,0.12,9.4,0,19.7,False,2,3,4,3,3,0.469,0,SYNTHETIC_DEMO_DATA
PID-00129,UNIT-24,43.0,7,0,0.2,10.9,1,30.9,False,3,3,3,4,3,0.621,0,SYNTHETIC_DEMO_DATA
PID-00130,UNIT-34,39.0,6,13,0.53,7.3,3,26.0,False,3,3,4,3,4,0.462,0,SYNTHETIC_DEMO_DATA
PID-00131,UNIT-32,46.5,3,7,0.57,4.5,2,23.0,False,4,4,4,3,2,0.452,0,SYNTHETIC_DEMO_DATA
PID-00132,UNIT-38,32.7,7,20,0.23,7.2,1,26.5,False,2,4,4,3,2,0.349,0,SYNTHETIC_DEMO_DATA
PID-00133,UNIT-37,60.9,5,15,0.06,9.1,2,31.0,False,2,4,4,3,3,0.421,0,SYNTHETIC_DEMO_DATA
PID-00134,UNIT-26,48.9,9,2,0.29,0.0,0,34.3,True,2,3,3,3,3,0.462,0,SYNTHETIC_DEMO_DATA
PID-00135,UNIT-23,31.4,5,0,0.24,9.4,2,24.5,True,2,4,3,2,3,0.431,0,SYNTHETIC_DEMO_DATA
PID-00136,UNIT-19,37.8,5,4,0.4,3.4,0,16.8,False,3,3,3,4,3,0.567,0,SYNTHETIC_DEMO_DATA
PID-00137,UNIT-27,56.4,6,1,0.46,3.4,0,0.0,True,2,3,3,2,3,0.408,0,SYNTHETIC_DEMO_DATA
PID-00138,UNIT-03,63.7,5,19,0.13,3.9,2,29.8,False,3,4,4,3,3,0.394,0,SYNTHETIC_DEMO_DATA
PID-00139,UNIT-17,80.0,6,8,0.08,6.0,1,25.2,False,2,3,3,3,4,0.425,0,SYNTHETIC_DEMO_DATA
PID-00140,UNIT-12,92.8,8,14,0.41,1.7,1,21.5,False,3,3,3,3,3,0.548,0,SYNTHETIC_DEMO_DATA
PID-00141,UNIT-23,57.8,2,7,0.35,4.1,2,13.1,False,3,3,3,2,3,0.453,0,SYNTHETIC_DEMO_DATA
PID-00142,UNIT-37,38.1,7,7,0.29,6.6,1,29.7,False,4,4,4,2,4,0.417,0,SYNTHETIC_DEMO_DATA
PID-00143,UNIT-20,30.0,4,8,0.05,5.7,0,17.4,False,2,5,4,3,3,0.423,0,SYNTHETIC_DEMO_DATA
PID-00144,UNIT-24,55.7,4,15,0.19,6.1,2,19.7,False,2,3,3,2,3,0.447,0,SYNTHETIC_DEMO_DATA
PID-00145,UNIT-17,40.6,11,10,0.14,4.0,1,19.4,False,3,2,3,1,3,0.368,0,SYNTHETIC_DEMO_DATA
PID-00146,UNIT-14,46.2,6,2,0.15,7.1,2,24.5,True,3,3,3,3,2,0.523,0,SYNTHETIC_DEMO_DATA
PID-00147,UNIT-28,43.4,9,18,0.13,8.2,2,8.5,False,3,3,3,2,2,0.44,1,SYNTHETIC_DEMO_DATA
PID-00148,UNIT-10,50.0,6,7,0.32,8.0,1,25.6,False,3,4,3,3,2,0.402,0,SYNTHETIC_DEMO_DATA
PID-00149,UNIT-36,66.9,5,6,0.05,6.3,0,12.8,False,3,4,3,3,3,0.425,0,SYNTHETIC_DEMO_DATA
PID-00150,UNIT-05,54.2,6,0,0.34,7.8,2,13.1,False,3,2,3,3,3,0.466,0,SYNTHETIC_DEMO_DATA
PID-00151,UNIT-09,49.8,2,12,0.14,7.6,0,28.9,False,3,3,3,3,3,0.509,0,SYNTHETIC_DEMO_DATA
PID-00152,UNIT-31,37.5,9,9,0.19,12.0,0,10.0,False,3,2,5,2,3,0.304,0,SYNTHETIC_DEMO_DATA
PID-00153,UNIT-04,30.0,5,9,0.5,8.7,0,28.8,False,2,3,3,2,2,0.372,0,SYNTHETIC_DEMO_DATA
PID-00154,UNIT-17,45.2,5,6,0.17,4.7,1,21.0,False,2,3,4,3,3,0.416,0,SYNTHETIC_DEMO_DATA
PID-00155,UNIT-16,51.2,2,5,0.19,2.3,3,3.5,False,3,4,3,2,2,0.344,0,SYNTHETIC_DEMO_DATA
PID-00156,UNIT-38,76.8,6,6,0.18,4.2,4,33.6,False,3,3,3,4,3,0.614,1,SYNTHETIC_DEMO_DATA
PID-00157,UNIT-07,53.8,7,11,0.55,4.0,0,23.1,False,2,4,4,3,2,0.329,0,SYNTHETIC_DEMO_DATA
PID-00158,UNIT-19,65.8,2,12,0.13,6.5,3,23.9,False,3,2,3,2,2,0.375,0,SYNTHETIC_DEMO_DATA
PID-00159,UNIT-19,45.0,6,7,0.29,2.9,0,30.1,False,2,3,3,2,3,0.393,0,SYNTHETIC_DEMO_DATA
PID-00160,UNIT-33,35.4,1,14,0.14,8.6,2,35.0,False,2,4,5,3,3,0.3,0,SYNTHETIC_DEMO_DATA
PID-00161,UNIT-22,38.5,8,8,0.12,0.8,2,22.0,False,3,3,2,2,1,0.475,0,SYNTHETIC_DEMO_DATA
PID-00162,UNIT-06,41.8,6,5,0.06,0.1,0,26.2,False,3,3,4,3,2,0.37,0,SYNTHETIC_DEMO_DATA
PID-00163,UNIT-35,81.8,6,10,0.16,4.6,2,23.7,False,3,3,3,4,2,0.63,0,SYNTHETIC_DEMO_DATA
PID-00164,UNIT-07,40.5,6,0,0.06,2.5,0,16.6,False,2,3,5,4,2,0.431,0,SYNTHETIC_DEMO_DATA
PID-00165,UNIT-28,63.7,2,10,0.16,1.2,0,4.2,False,2,4,4,3,2,0.393,0,SYNTHETIC_DEMO_DATA
PID-00166,UNIT-11,39.4,3,0,0.04,3.1,1,22.1,True,3,4,5,2,3,0.247,0,SYNTHETIC_DEMO_DATA
PID-00167,UNIT-05,65.0,5,2,0.29,2.7,0,33.8,False,3,3,4,3,2,0.489,0,SYNTHETIC_DEMO_DATA
PID-00168,UNIT-08,57.4,5,0,0.38,5.0,1,25.8,False,3,4,2,3,3,0.57,0,SYNTHETIC_DEMO_DATA
PID-00169,UNIT-38,49.8,10,7,0.26,3.1,4,9.3,False,2,2,2,3,2,0.643,0,SYNTHETIC_DEMO_DATA
PID-00170,UNIT-40,51.4,6,18,0.06,3.4,1,31.0,False,3,5,4,2,2,0.362,0,SYNTHETIC_DEMO_DATA
PID-00171,UNIT-25,42.8,3,8,0.23,5.0,0,16.9,False,2,3,3,2,2,0.358,0,SYNTHETIC_DEMO_DATA
PID-00172,UNIT-33,58.2,5,12,0.06,8.0,1,0.0,False,3,3,4,2,3,0.387,0,SYNTHETIC_DEMO_DATA
PID-00173,UNIT-37,45.6,13,23,0.1,9.4,0,30.2,False,3,4,3,2,2,0.409,0,SYNTHETIC_DEMO_DATA
PID-00174,UNIT-14,34.8,4,11,0.39,5.4,1,10.5,False,2,3,3,2,2,0.443,0,SYNTHETIC_DEMO_DATA
PID-00175,UNIT-31,34.1,10,4,0.14,5.7,0,37.8,False,3,3,3,3,2,0.515,0,SYNTHETIC_DEMO_DATA
PID-00176,UNIT-21,54.4,6,5,0.21,4.5,0,31.5,False,3,3,4,2,2,0.358,0,SYNTHETIC_DEMO_DATA
PID-00177,UNIT-07,74.1,10,9,0.55,6.4,0,17.7,False,3,2,2,4,4,0.574,0,SYNTHETIC_DEMO_DATA
PID-00178,UNIT-22,54.2,5,5,0.03,6.2,1,24.6,False,1,4,4,3,3,0.338,0,SYNTHETIC_DEMO_DATA
PID-00179,UNIT-02,50.3,6,5,0.47,9.0,0,44.2,False,2,3,4,2,4,0.35,0,SYNTHETIC_DEMO_DATA
PID-00180,UNIT-25,56.0,8,14,0.4,0.0,3,30.0,False,2,4,3,3,3,0.438,0,SYNTHETIC_DEMO_DATA
PID-00181,UNIT-11,70.3,6,15,0.51,4.3,3,22.4,False,3,4,2,2,4,0.573,0,SYNTHETIC_DEMO_DATA
PID-00182,UNIT-05,55.1,7,0,0.21,6.0,0,48.9,True,3,3,4,4,2,0.588,0,SYNTHETIC_DEMO_DATA
PID-00183,UNIT-29,46.2,4,4,0.56,4.9,0,21.2,False,3,3,3,4,4,0.588,0,SYNTHETIC_DEMO_DATA
PID-00184,UNIT-14,67.5,6,6,0.09,2.2,1,25.8,False,3,3,3,3,2,0.533,0,SYNTHETIC_DEMO_DATA
PID-00185,UNIT-18,58.0,8,12,0.38,1.1,1,10.6,False,2,4,5,2,1,0.286,0,SYNTHETIC_DEMO_DATA
PID-00186,UNIT-04,73.5,4,15,0.3,7.4,1,3.3,False,3,3,3,3,4,0.426,0,SYNTHETIC_DEMO_DATA
PID-00187,UNIT-04,54.6,6,25,0.01,2.7,1,17.1,False,3,3,3,2,2,0.29,0,SYNTHETIC_DEMO_DATA
PID-00188,UNIT-37,34.9,8,6,0.13,0.0,2,20.4,False,2,3,4,2,2,0.222,0,SYNTHETIC_DEMO_DATA
PID-00189,UNIT-24,32.8,3,6,0.32,7.6,4,23.3,False,2,4,3,4,2,0.495,0,SYNTHETIC_DEMO_DATA
PID-00190,UNIT-17,75.1,6,12,0.43,6.4,4,5.8,False,3,1,4,4,5,0.544,0,SYNTHETIC_DEMO_DATA
PID-00191,UNIT-27,76.1,4,4,0.74,4.7,0,26.6,False,3,3,2,4,4,0.647,0,SYNTHETIC_DEMO_DATA
PID-00192,UNIT-30,49.5,9,8,0.45,2.3,3,11.7,False,3,3,3,3,4,0.499,0,SYNTHETIC_DEMO_DATA
PID-00193,UNIT-05,46.6,3,6,0.24,4.7,1,26.1,False,2,4,4,2,3,0.323,0,SYNTHETIC_DEMO_DATA
PID-00194,UNIT-37,72.5,7,0,0.07,8.6,1,29.3,True,2,2,3,3,4,0.563,1,SYNTHETIC_DEMO_DATA
PID-00195,UNIT-27,36.5,4,9,0.04,0.2,2,16.0,False,3,4,4,2,2,0.27,0,SYNTHETIC_DEMO_DATA
PID-00196,UNIT-13,39.5,7,7,0.31,0.3,2,10.4,False,3,4,4,2,3,0.342,0,SYNTHETIC_DEMO_DATA
PID-00197,UNIT-11,61.0,9,16,0.25,3.1,3,35.4,False,4,5,3,3,3,0.426,0,SYNTHETIC_DEMO_DATA
PID-00198,UNIT-04,46.5,11,9,0.23,4.9,0,28.7,False,3,3,3,3,4,0.515,0,SYNTHETIC_DEMO_DATA
PID-00199,UNIT-11,51.9,5,1,0.43,3.5,1,21.5,False,2,4,4,3,3,0.451,0,SYNTHETIC_DEMO_DATA
PID-00200,UNIT-14,49.7,7,7,0.42,6.9,2,34.7,False,3,2,3,3,3,0.542,1,SYNTHETIC_DEMO_DATA
PID-00201,UNIT-09,56.7,14,0,0.03,8.3,2,20.8,True,2,3,4,2,3,0.372,0,SYNTHETIC_DEMO_DATA
PID-00202,UNIT-27,71.7,5,1,0.3,5.8,0,13.8,True,2,3,4,4,3,0.545,0,SYNTHETIC_DEMO_DATA
PID-00203,UNIT-11,53.3,6,12,0.38,6.7,1,10.0,False,3,3,3,2,3,0.452,0,SYNTHETIC_DEMO_DATA
PID-00204,UNIT-20,61.0,9,7,0.09,5.8,0,18.9,False,3,3,5,3,3,0.296,0,SYNTHETIC_DEMO_DATA
PID-00205,UNIT-23,30.0,7,14,0.02,5.0,1,27.7,False,3,5,4,3,2,0.426,0,SYNTHETIC_DEMO_DATA
PID-00206,UNIT-03,51.3,9,0,0.43,1.1,2,33.9,True,3,3,3,3,3,0.435,0,SYNTHETIC_DEMO_DATA
PID-00207,UNIT-07,40.2,10,7,0.44,1.9,1,20.2,False,2,3,4,2,4,0.371,0,SYNTHETIC_DEMO_DATA
PID-00208,UNIT-03,34.9,6,6,0.18,0.9,3,32.1,False,2,3,4,2,2,0.428,0,SYNTHETIC_DEMO_DATA
PID-00209,UNIT-28,39.7,4,14,0.13,4.6,1,17.9,False,2,4,4,3,4,0.428,0,SYNTHETIC_DEMO_DATA
PID-00210,UNIT-28,47.3,6,13,0.33,5.7,0,12.2,False,2,4,4,3,3,0.337,0,SYNTHETIC_DEMO_DATA
PID-00211,UNIT-06,64.8,2,12,0.21,0.7,0,6.9,False,3,3,4,2,4,0.322,0,SYNTHETIC_DEMO_DATA
PID-00212,UNIT-30,33.4,5,18,0.25,5.2,0,14.9,False,1,4,5,3,2,0.388,0,SYNTHETIC_DEMO_DATA
PID-00213,UNIT-33,52.4,6,6,0.04,2.4,1,7.3,False,3,3,4,2,1,0.304,0,SYNTHETIC_DEMO_DATA
PID-00214,UNIT-05,45.2,5,17,0.08,1.8,2,40.1,False,3,4,3,3,2,0.395,0,SYNTHETIC_DEMO_DATA
PID-00215,UNIT-05,47.4,9,2,0.27,3.1,0,24.4,True,4,3,3,2,2,0.387,1,SYNTHETIC_DEMO_DATA
PID-00216,UNIT-32,66.0,4,2,0.23,1.6,1,19.0,False,3,3,4,3,2,0.47,1,SYNTHETIC_DEMO_DATA
PID-00217,UNIT-13,59.5,8,13,0.46,6.8,0,37.2,False,3,3,3,3,2,0.416,0,SYNTHETIC_DEMO_DATA
PID-00218,UNIT-14,70.7,6,0,0.17,4.5,3,7.0,True,3,4,3,4,4,0.623,0,SYNTHETIC_DEMO_DATA
PID-00219,UNIT-24,49.8,5,12,0.06,7.4,1,18.6,False,2,4,3,3,1,0.425,0,SYNTHETIC_DEMO_DATA
PID-00220,UNIT-03,42.3,10,9,0.22,3.7,1,40.0,False,3,4,4,2,3,0.352,0,SYNTHETIC_DEMO_DATA
PID-00221,UNIT-18,48.9,6,15,0.34,3.8,1,18.6,False,2,5,5,3,4,0.356,0,SYNTHETIC_DEMO_DATA
PID-00222,UNIT-14,55.4,4,8,0.22,10.6,1,44.5,False,3,3,3,4,2,0.594,0,SYNTHETIC_DEMO_DATA
PID-00223,UNIT-33,54.5,3,9,0.64,0.1,0,27.9,False,3,4,4,3,3,0.413,0,SYNTHETIC_DEMO_DATA
PID-00224,UNIT-30,36.8,4,12,0.66,8.9,3,33.1,False,3,3,3,3,3,0.579,1,SYNTHETIC_DEMO_DATA
PID-00225,UNIT-12,53.3,8,5,0.52,10.0,0,33.3,False,3,4,4,3,4,0.537,0,SYNTHETIC_DEMO_DATA
PID-00226,UNIT-27,55.2,9,4,0.5,7.3,1,20.0,False,3,2,3,3,2,0.487,0,SYNTHETIC_DEMO_DATA
PID-00227,UNIT-17,87.2,5,11,0.49,4.0,1,15.1,False,3,3,3,4,3,0.656,1,SYNTHETIC_DEMO_DATA
PID-00228,UNIT-20,78.3,3,8,0.46,9.3,2,18.8,False,4,3,3,3,4,0.573,1,SYNTHETIC_DEMO_DATA
PID-00229,UNIT-30,40.1,10,6,0.14,4.0,1,10.1,False,3,4,3,3,3,0.462,0,SYNTHETIC_DEMO_DATA
PID-00230,UNIT-12,48.0,5,8,0.19,2.9,0,19.3,False,2,3,4,3,1,0.437,0,SYNTHETIC_DEMO_DATA
PID-00231,UNIT-24,31.5,4,18,0.31,3.8,1,20.0,False,3,3,5,2,3,0.215,0,SYNTHETIC_DEMO_DATA
PID-00232,UNIT-17,43.7,3,6,0.36,3.3,2,36.9,False,3,4,4,2,2,0.295,0,SYNTHETIC_DEMO_DATA
PID-00233,UNIT-27,56.4,4,6,0.47,2.2,3,25.9,False,3,3,3,4,3,0.558,0,SYNTHETIC_DEMO_DATA
PID-00234,UNIT-16,68.9,0,0,0.33,8.3,1,43.6,True,3,2,3,4,4,0.559,1,SYNTHETIC_DEMO_DATA
PID-00235,UNIT-38,41.8,4,8,0.22,2.7,0,0.0,False,3,4,4,3,2,0.487,0,SYNTHETIC_DEMO_DATA
PID-00236,UNIT-16,42.8,3,12,0.15,4.9,0,7.8,False,2,4,4,3,4,0.343,0,SYNTHETIC_DEMO_DATA
PID-00237,UNIT-05,30.0,6,14,0.28,0.7,2,16.4,False,1,4,4,2,3,0.309,0,SYNTHETIC_DEMO_DATA
PID-00238,UNIT-20,49.7,8,9,0.18,5.1,1,34.9,False,4,4,4,3,3,0.435,0,SYNTHETIC_DEMO_DATA
PID-00239,UNIT-10,37.1,6,14,0.16,1.5,3,18.9,False,2,4,3,2,3,0.426,0,SYNTHETIC_DEMO_DATA
PID-00240,UNIT-19,44.6,6,13,0.19,1.5,1,5.3,False,2,3,3,2,2,0.311,0,SYNTHETIC_DEMO_DATA
PID-00241,UNIT-37,39.7,3,15,0.12,4.7,1,17.5,False,2,4,4,4,2,0.355,0,SYNTHETIC_DEMO_DATA
PID-00242,UNIT-05,50.7,6,14,0.2,8.2,2,8.0,False,3,4,4,2,3,0.45,0,SYNTHETIC_DEMO_DATA
PID-00243,UNIT-02,30.0,7,18,0.31,6.3,0,6.1,False,2,3,4,3,2,0.381,0,SYNTHETIC_DEMO_DATA
PID-00244,UNIT-12,31.5,3,7,0.17,6.5,2,40.0,False,2,3,3,3,3,0.488,0,SYNTHETIC_DEMO_DATA
PID-00245,UNIT-18,81.8,8,1,0.57,4.6,1,16.5,False,3,2,3,4,3,0.665,1,SYNTHETIC_DEMO_DATA
PID-00246,UNIT-06,34.0,6,12,0.37,4.0,2,21.7,False,2,3,3,3,1,0.497,0,SYNTHETIC_DEMO_DATA
PID-00247,UNIT-28,36.6,7,13,0.39,7.4,1,19.1,False,2,4,3,3,3,0.444,0,SYNTHETIC_DEMO_DATA
PID-00248,UNIT-25,77.7,6,18,0.3,3.3,1,17.5,False,3,2,3,3,2,0.447,0,SYNTHETIC_DEMO_DATA
PID-00249,UNIT-29,92.7,9,16,0.09,7.5,1,11.6,False,3,2,4,4,3,0.446,1,SYNTHETIC_DEMO_DATA
PID-00250,UNIT-17,35.6,3,20,0.28,8.7,1,16.9,False,3,3,4,3,2,0.343,0,SYNTHETIC_DEMO_DATA
PID-00251,UNIT-38,46.8,8,12,0.49,2.5,1,23.4,False,3,4,4,3,2,0.423,0,SYNTHETIC_DEMO_DATA
PID-00252,UNIT-27,56.8,6,10,0.13,2.9,2,34.2,False,3,2,4,2,2,0.327,0,SYNTHETIC_DEMO_DATA
PID-00253,UNIT-37,76.2,5,0,0.09,3.4,2,29.5,False,2,3,3,4,4,0.517,0,SYNTHETIC_DEMO_DATA
PID-00254,UNIT-04,38.2,8,10,0.22,0.6,3,7.8,False,4,4,3,3,3,0.442,0,SYNTHETIC_DEMO_DATA
PID-00255,UNIT-27,48.6,6,5,0.15,3.6,1,29.9,False,3,4,3,3,3,0.525,0,SYNTHETIC_DEMO_DATA
PID-00256,UNIT-14,62.9,6,10,0.34,8.9,2,24.8,False,4,3,2,3,3,0.561,1,SYNTHETIC_DEMO_DATA
PID-00257,UNIT-08,58.1,5,9,0.23,1.9,0,13.8,False,3,4,3,2,1,0.328,0,SYNTHETIC_DEMO_DATA
PID-00258,UNIT-08,46.7,11,11,0.45,9.0,0,21.8,False,3,4,2,3,3,0.602,0,SYNTHETIC_DEMO_DATA
PID-00259,UNIT-08,50.1,7,8,0.04,3.7,2,25.7,False,1,3,4,3,2,0.378,0,SYNTHETIC_DEMO_DATA
PID-00260,UNIT-04,32.8,6,14,0.53,11.3,3,20.5,False,2,2,3,3,2,0.58,1,SYNTHETIC_DEMO_DATA
PID-00261,UNIT-19,48.7,5,0,0.2,3.0,1,24.8,True,3,4,3,2,3,0.394,0,SYNTHETIC_DEMO_DATA
PID-00262,UNIT-31,48.3,10,10,0.26,4.6,1,11.4,False,3,4,4,4,2,0.493,0,SYNTHETIC_DEMO_DATA
PID-00263,UNIT-19,55.3,12,16,0.3,2.3,0,39.9,False,2,3,3,3,2,0.526,0,SYNTHETIC_DEMO_DATA
PID-00264,UNIT-06,44.2,2,20,0.09,2.9,2,0.7,False,1,3,4,2,1,0.237,0,SYNTHETIC_DEMO_DATA
PID-00265,UNIT-29,58.6,8,13,0.32,9.0,1,25.8,False,3,3,4,3,3,0.412,0,SYNTHETIC_DEMO_DATA
PID-00266,UNIT-07,66.2,7,19,0.25,6.4,1,23.7,False,2,3,4,3,2,0.421,0,SYNTHETIC_DEMO_DATA
PID-00267,UNIT-35,54.2,5,10,0.32,8.1,0,26.4,False,2,2,4,2,3,0.375,0,SYNTHETIC_DEMO_DATA
PID-00268,UNIT-15,56.9,4,9,0.16,1.1,0,12.9,False,3,4,4,4,2,0.582,1,SYNTHETIC_DEMO_DATA
PID-00269,UNIT-01,52.7,6,12,0.13,7.0,2,31.7,False,2,3,3,3,3,0.432,0,SYNTHETIC_DEMO_DATA
PID-00270,UNIT-12,52.0,4,8,0.06,2.1,1,18.9,False,2,3,4,2,2,0.268,0,SYNTHETIC_DEMO_DATA
PID-00271,UNIT-34,41.9,5,4,0.22,1.0,3,8.1,False,3,4,5,2,3,0.269,0,SYNTHETIC_DEMO_DATA
PID-00272,UNIT-37,56.4,6,5,0.05,5.7,1,9.1,False,3,3,4,4,3,0.506,0,SYNTHETIC_DEMO_DATA
PID-00273,UNIT-17,50.6,4,2,0.87,5.7,1,21.2,False,3,3,3,3,3,0.555,1,SYNTHETIC_DEMO_DATA
PID-00274,UNIT-40,81.3,3,12,0.49,5.2,2,4.0,False,4,2,3,3,4,0.493,0,SYNTHETIC_DEMO_DATA
PID-00275,UNIT-10,74.0,7,9,0.18,7.2,2,38.0,False,2,3,3,3,2,0.525,0,SYNTHETIC_DEMO_DATA
PID-00276,UNIT-17,57.4,7,6,0.16,7.6,2,30.5,False,2,3,3,3,2,0.604,1,SYNTHETIC_DEMO_DATA
PID-00277,UNIT-19,41.3,2,5,0.3,9.4,1,38.3,False,2,4,3,3,2,0.485,0,SYNTHETIC_DEMO_DATA
PID-00278,UNIT-09,36.4,5,12,0.13,1.4,0,37.2,False,1,3,4,2,2,0.309,0,SYNTHETIC_DEMO_DATA
PID-00279,UNIT-16,68.7,4,13,0.61,9.5,2,16.5,False,3,4,3,3,3,0.64,0,SYNTHETIC_DEMO_DATA
PID-00280,UNIT-20,55.7,3,2,0.24,10.6,0,11.3,False,2,3,2,5,3,0.634,0,SYNTHETIC_DEMO_DATA
PID-00281,UNIT-28,58.7,4,1,0.26,3.9,2,0.0,False,2,1,4,4,3,0.48,0,SYNTHETIC_DEMO_DATA
PID-00282,UNIT-20,30.0,7,14,0.23,0.0,1,15.9,False,2,4,4,3,2,0.328,0,SYNTHETIC_DEMO_DATA
PID-00283,UNIT-05,65.0,2,0,0.21,0.8,2,37.7,True,3,4,2,5,2,0.616,0,SYNTHETIC_DEMO_DATA
PID-00284,UNIT-19,58.4,7,12,0.25,3.6,2,11.7,False,3,4,3,3,2,0.384,0,SYNTHETIC_DEMO_DATA
PID-00285,UNIT-34,36.5,6,18,0.16,11.0,0,17.9,False,3,3,4,3,3,0.41,0,SYNTHETIC_DEMO_DATA
PID-00286,UNIT-01,45.4,6,18,0.29,5.1,1,14.5,False,2,4,4,2,3,0.35,0,SYNTHETIC_DEMO_DATA
PID-00287,UNIT-40,55.7,3,13,0.63,3.1,1,23.7,False,3,3,4,2,2,0.365,1,SYNTHETIC_DEMO_DATA
PID-00288,UNIT-06,52.7,8,13,0.29,2.9,0,32.9,False,3,4,4,1,3,0.297,0,SYNTHETIC_DEMO_DATA
PID-00289,UNIT-01,47.9,9,22,0.43,1.0,0,4.6,False,2,3,3,3,2,0.429,0,SYNTHETIC_DEMO_DATA
PID-00290,UNIT-06,50.6,4,0,0.09,7.6,0,6.5,True,3,3,4,2,3,0.313,0,SYNTHETIC_DEMO_DATA
PID-00291,UNIT-11,48.5,3,6,0.36,4.7,0,34.9,False,2,4,4,3,2,0.434,0,SYNTHETIC_DEMO_DATA
PID-00292,UNIT-15,54.1,5,14,0.33,11.3,2,27.3,False,3,3,3,3,4,0.54,0,SYNTHETIC_DEMO_DATA
PID-00293,UNIT-34,72.6,9,6,0.51,6.9,1,17.4,False,4,4,3,3,3,0.468,1,SYNTHETIC_DEMO_DATA
PID-00294,UNIT-24,30.0,3,16,0.3,7.5,0,37.1,False,3,5,3,2,1,0.432,0,SYNTHETIC_DEMO_DATA
PID-00295,UNIT-26,48.7,5,8,0.15,4.3,1,6.3,False,3,3,3,4,3,0.45,0,SYNTHETIC_DEMO_DATA
PID-00296,UNIT-36,54.5,9,9,0.23,1.7,1,29.3,False,3,3,4,3,4,0.362,0,SYNTHETIC_DEMO_DATA
PID-00297,UNIT-06,56.1,6,7,0.4,2.4,2,19.3,False,3,3,3,3,3,0.495,0,SYNTHETIC_DEMO_DATA
PID-00298,UNIT-09,46.8,2,5,0.35,0.9,1,26.1,False,2,4,5,2,2,0.329,0,SYNTHETIC_DEMO_DATA
PID-00299,UNIT-39,30.0,7,5,0.51,7.7,0,0.0,False,2,4,2,3,3,0.553,0,SYNTHETIC_DEMO_DATA
PID-00300,UNIT-31,56.6,2,10,0.11,3.8,0,17.4,False,2,5,5,2,4,0.324,0,SYNTHETIC_DEMO_DATA
PID-00301,UNIT-03,76.2,10,4,0.14,7.9,4,27.4,False,3,3,3,3,4,0.543,0,SYNTHETIC_DEMO_DATA
PID-00302,UNIT-10,30.5,2,14,0.07,5.4,5,19.4,False,3,4,4,3,1,0.407,0,SYNTHETIC_DEMO_DATA
PID-00303,UNIT-15,64.1,7,12,0.23,4.1,3,32.6,False,3,3,3,4,3,0.54,0,SYNTHETIC_DEMO_DATA
PID-00304,UNIT-02,47.4,7,15,0.07,1.5,0,32.2,False,3,2,4,2,2,0.312,0,SYNTHETIC_DEMO_DATA
PID-00305,UNIT-24,51.1,2,2,0.17,5.9,4,10.4,False,4,3,4,3,2,0.468,0,SYNTHETIC_DEMO_DATA
PID-00306,UNIT-26,37.3,7,0,0.28,4.3,1,28.2,True,3,3,3,3,3,0.444,0,SYNTHETIC_DEMO_DATA
PID-00307,UNIT-14,47.3,6,8,0.16,7.7,0,10.1,False,2,4,4,3,3,0.407,0,SYNTHETIC_DEMO_DATA
PID-00308,UNIT-09,70.2,4,26,0.06,2.9,1,20.5,False,2,3,4,3,3,0.289,0,SYNTHETIC_DEMO_DATA
PID-00309,UNIT-18,60.2,2,16,0.2,6.8,2,26.6,False,2,3,4,3,2,0.473,0,SYNTHETIC_DEMO_DATA
PID-00310,UNIT-37,76.3,11,5,0.29,9.9,1,11.6,False,4,3,1,3,4,0.658,1,SYNTHETIC_DEMO_DATA
PID-00311,UNIT-29,68.5,4,11,0.15,5.8,1,27.9,False,3,3,3,2,2,0.306,0,SYNTHETIC_DEMO_DATA
PID-00312,UNIT-38,58.1,6,13,0.22,7.4,2,14.9,False,3,3,4,4,3,0.551,0,SYNTHETIC_DEMO_DATA
PID-00313,UNIT-23,76.4,8,0,0.13,6.7,0,14.2,True,4,4,4,3,4,0.484,1,SYNTHETIC_DEMO_DATA
PID-00314,UNIT-05,58.1,3,17,0.45,10.7,0,27.1,False,2,4,4,3,2,0.404,0,SYNTHETIC_DEMO_DATA
PID-00315,UNIT-03,63.6,4,7,0.3,6.1,1,11.6,False,3,3,3,3,2,0.446,0,SYNTHETIC_DEMO_DATA
PID-00316,UNIT-08,47.8,7,8,0.66,7.1,0,11.1,False,2,4,4,3,4,0.426,0,SYNTHETIC_DEMO_DATA
PID-00317,UNIT-21,52.9,8,9,0.44,4.9,1,30.4,False,3,4,3,3,3,0.443,0,SYNTHETIC_DEMO_DATA
PID-00318,UNIT-09,42.2,2,15,0.15,2.7,0,21.1,False,2,4,4,3,3,0.317,0,SYNTHETIC_DEMO_DATA
PID-00319,UNIT-13,65.9,3,4,0.13,1.4,1,5.5,False,3,3,4,2,2,0.449,1,SYNTHETIC_DEMO_DATA
PID-00320,UNIT-37,35.5,9,0,0.69,8.8,2,28.6,False,2,3,3,3,3,0.558,1,SYNTHETIC_DEMO_DATA
PID-00321,UNIT-02,63.0,5,10,0.26,2.0,1,15.9,False,2,3,4,3,3,0.524,0,SYNTHETIC_DEMO_DATA
PID-00322,UNIT-04,49.3,3,0,0.32,7.2,0,6.0,False,3,3,3,4,3,0.56,0,SYNTHETIC_DEMO_DATA
PID-00323,UNIT-16,68.4,8,7,0.48,6.2,1,0.0,False,3,4,3,4,2,0.619,1,SYNTHETIC_DEMO_DATA
PID-00324,UNIT-31,62.5,12,16,0.55,7.8,3,29.0,False,3,3,4,3,5,0.458,1,SYNTHETIC_DEMO_DATA
PID-00325,UNIT-33,77.5,6,12,0.21,3.5,2,11.4,False,3,3,4,3,3,0.45,0,SYNTHETIC_DEMO_DATA
PID-00326,UNIT-12,62.2,9,15,0.18,2.6,2,7.6,False,3,3,3,3,2,0.463,0,SYNTHETIC_DEMO_DATA
PID-00327,UNIT-12,30.0,0,12,0.4,6.1,0,26.4,False,2,3,3,1,2,0.331,0,SYNTHETIC_DEMO_DATA
PID-00328,UNIT-24,51.1,14,23,0.06,4.1,0,28.1,False,2,4,4,3,3,0.38,0,SYNTHETIC_DEMO_DATA
PID-00329,UNIT-35,35.6,7,5,0.26,1.3,1,12.1,False,2,4,3,3,3,0.451,0,SYNTHETIC_DEMO_DATA
PID-00330,UNIT-08,44.7,4,11,0.26,10.8,0,29.1,False,3,3,2,4,3,0.59,0,SYNTHETIC_DEMO_DATA
PID-00331,UNIT-36,73.2,2,6,0.41,2.6,0,40.5,False,2,4,4,4,3,0.492,1,SYNTHETIC_DEMO_DATA
PID-00332,UNIT-33,60.9,7,14,0.23,2.0,2,33.5,False,2,3,3,2,2,0.382,0,SYNTHETIC_DEMO_DATA
PID-00333,UNIT-11,42.2,6,8,0.31,4.3,2,31.9,False,2,3,3,3,3,0.433,1,SYNTHETIC_DEMO_DATA
PID-00334,UNIT-27,37.8,11,19,0.29,8.8,2,23.1,False,3,4,2,2,2,0.505,0,SYNTHETIC_DEMO_DATA
PID-00335,UNIT-26,52.5,10,5,0.14,0.0,1,15.6,False,3,4,4,3,3,0.395,0,SYNTHETIC_DEMO_DATA
PID-00336,UNIT-01,35.0,7,17,0.18,8.5,0,19.4,False,3,3,4,3,2,0.408,0,SYNTHETIC_DEMO_DATA
PID-00337,UNIT-17,42.6,11,12,0.32,2.3,2,24.4,False,2,3,3,2,3,0.39,0,SYNTHETIC_DEMO_DATA
PID-00338,UNIT-10,56.4,5,8,0.61,5.8,0,7.4,False,3,3,3,3,3,0.55,0,SYNTHETIC_DEMO_DATA
PID-00339,UNIT-03,68.2,5,12,0.23,3.0,3,12.3,False,3,3,4,4,3,0.411,0,SYNTHETIC_DEMO_DATA
PID-00340,UNIT-19,60.5,2,10,0.19,11.0,3,5.7,False,3,4,3,4,3,0.597,0,SYNTHETIC_DEMO_DATA
PID-00341,UNIT-29,30.0,4,11,0.34,5.4,1,22.4,False,2,4,2,3,3,0.411,0,SYNTHETIC_DEMO_DATA
PID-00342,UNIT-22,56.3,9,7,0.15,2.9,0,20.8,False,2,4,3,3,2,0.477,0,SYNTHETIC_DEMO_DATA
PID-00343,UNIT-04,53.0,8,4,0.32,4.1,1,13.5,False,3,3,2,2,3,0.46,0,SYNTHETIC_DEMO_DATA
PID-00344,UNIT-34,57.8,6,6,0.28,5.3,0,28.2,False,2,3,4,4,2,0.425,0,SYNTHETIC_DEMO_DATA
PID-00345,UNIT-03,74.6,5,0,0.43,5.5,1,9.6,False,4,3,3,4,3,0.618,0,SYNTHETIC_DEMO_DATA
PID-00346,UNIT-16,30.0,4,14,0.16,6.3,0,13.1,False,2,3,5,2,2,0.279,0,SYNTHETIC_DEMO_DATA
PID-00347,UNIT-23,43.7,5,1,0.23,5.0,1,27.8,True,3,4,2,3,3,0.5,1,SYNTHETIC_DEMO_DATA
PID-00348,UNIT-38,60.3,4,7,0.53,0.9,3,29.3,False,1,1,3,3,2,0.492,0,SYNTHETIC_DEMO_DATA
PID-00349,UNIT-31,30.0,7,12,0.57,4.0,0,12.0,False,3,3,3,3,3,0.445,0,SYNTHETIC_DEMO_DATA
PID-00350,UNIT-08,72.7,8,14,0.13,6.8,1,22.3,False,2,4,5,4,3,0.535,1,SYNTHETIC_DEMO_DATA
PID-00351,UNIT-18,57.2,4,0,0.33,3.0,2,12.2,False,2,3,4,4,3,0.502,0,SYNTHETIC_DEMO_DATA
PID-00352,UNIT-35,63.9,4,8,0.72,7.0,2,18.0,False,3,3,4,3,3,0.553,1,SYNTHETIC_DEMO_DATA
PID-00353,UNIT-10,44.0,5,11,0.56,5.1,0,21.4,False,3,5,4,4,3,0.481,0,SYNTHETIC_DEMO_DATA
PID-00354,UNIT-37,63.4,4,9,0.36,4.3,1,25.6,False,3,3,3,4,3,0.611,0,SYNTHETIC_DEMO_DATA
PID-00355,UNIT-22,67.0,3,17,0.26,8.6,2,23.2,False,3,4,3,3,2,0.486,0,SYNTHETIC_DEMO_DATA
PID-00356,UNIT-26,55.3,4,4,0.29,0.0,3,22.7,False,2,5,3,2,3,0.379,0,SYNTHETIC_DEMO_DATA
PID-00357,UNIT-27,55.3,16,0,0.04,3.0,1,9.2,False,3,3,3,3,3,0.438,0,SYNTHETIC_DEMO_DATA
PID-00358,UNIT-39,55.8,12,13,0.12,8.7,1,23.9,False,3,3,4,4,4,0.511,0,SYNTHETIC_DEMO_DATA
PID-00359,UNIT-28,39.9,7,5,0.44,10.5,2,25.5,False,3,3,4,3,3,0.441,1,SYNTHETIC_DEMO_DATA
PID-00360,UNIT-17,49.9,5,0,0.18,11.9,1,26.9,True,2,4,3,3,2,0.594,0,SYNTHETIC_DEMO_DATA
PID-00361,UNIT-24,49.9,6,8,0.21,5.2,0,12.8,False,3,3,3,3,2,0.412,0,SYNTHETIC_DEMO_DATA
PID-00362,UNIT-28,57.4,5,16,0.15,6.4,2,29.2,False,3,3,3,3,2,0.434,0,SYNTHETIC_DEMO_DATA
PID-00363,UNIT-24,66.0,8,1,0.09,7.5,1,6.8,True,4,4,3,3,4,0.548,0,SYNTHETIC_DEMO_DATA
PID-00364,UNIT-01,37.2,7,23,0.11,8.8,1,15.7,False,2,4,5,2,3,0.345,0,SYNTHETIC_DEMO_DATA
PID-00365,UNIT-37,50.2,9,3,0.29,5.9,1,17.2,False,3,4,4,3,3,0.494,0,SYNTHETIC_DEMO_DATA
PID-00366,UNIT-11,72.7,2,9,0.33,7.8,2,7.4,False,4,3,4,3,3,0.538,1,SYNTHETIC_DEMO_DATA
PID-00367,UNIT-27,41.6,6,1,0.09,6.4,1,17.1,True,3,4,4,2,3,0.365,0,SYNTHETIC_DEMO_DATA
PID-00368,UNIT-23,40.5,3,9,0.18,6.6,1,22.2,False,3,3,4,4,3,0.465,0,SYNTHETIC_DEMO_DATA
PID-00369,UNIT-05,54.8,7,8,0.18,2.2,1,1.7,False,3,3,4,3,3,0.516,0,SYNTHETIC_DEMO_DATA
PID-00370,UNIT-36,63.8,4,0,0.14,4.0,0,16.1,False,3,4,3,4,3,0.625,0,SYNTHETIC_DEMO_DATA
PID-00371,UNIT-04,52.2,7,25,0.23,3.4,1,2.5,False,3,3,4,3,2,0.416,0,SYNTHETIC_DEMO_DATA
PID-00372,UNIT-39,70.6,8,6,0.42,1.4,1,40.4,False,3,3,4,3,3,0.516,1,SYNTHETIC_DEMO_DATA
PID-00373,UNIT-37,64.0,5,6,0.31,0.0,2,22.1,False,2,4,3,3,3,0.519,0,SYNTHETIC_DEMO_DATA
PID-00374,UNIT-24,63.8,9,14,0.22,3.7,1,21.3,False,3,2,3,3,4,0.411,0,SYNTHETIC_DEMO_DATA
PID-00375,UNIT-39,59.8,6,19,0.28,4.2,1,22.3,False,2,4,4,3,3,0.411,0,SYNTHETIC_DEMO_DATA
PID-00376,UNIT-35,84.6,3,15,0.48,5.3,1,26.0,False,3,4,3,3,4,0.591,0,SYNTHETIC_DEMO_DATA
PID-00377,UNIT-36,49.1,8,1,0.29,6.7,0,29.8,True,3,3,4,2,3,0.429,1,SYNTHETIC_DEMO_DATA
PID-00378,UNIT-32,30.0,4,10,0.34,5.6,0,4.4,False,2,3,5,2,2,0.284,0,SYNTHETIC_DEMO_DATA
PID-00379,UNIT-38,74.5,0,0,0.17,4.2,3,33.1,True,3,3,3,4,3,0.656,0,SYNTHETIC_DEMO_DATA
PID-00380,UNIT-31,45.6,6,14,0.09,2.3,0,32.5,False,2,3,5,2,3,0.285,0,SYNTHETIC_DEMO_DATA
PID-00381,UNIT-36,53.5,6,0,0.02,7.6,3,19.3,True,3,3,3,2,2,0.491,1,SYNTHETIC_DEMO_DATA
PID-00382,UNIT-05,70.3,7,4,0.17,4.7,1,18.8,False,4,3,3,3,4,0.524,0,SYNTHETIC_DEMO_DATA
PID-00383,UNIT-18,30.0,6,8,0.28,3.7,1,0.0,False,2,3,5,2,2,0.318,0,SYNTHETIC_DEMO_DATA
PID-00384,UNIT-20,34.5,10,11,0.26,4.4,1,7.6,False,2,4,5,3,4,0.394,0,SYNTHETIC_DEMO_DATA
PID-00385,UNIT-37,30.0,7,7,0.06,2.8,3,25.2,False,4,5,3,3,2,0.499,0,SYNTHETIC_DEMO_DATA
PID-00386,UNIT-20,40.9,8,18,0.12,3.4,2,32.0,False,1,4,4,3,3,0.456,0,SYNTHETIC_DEMO_DATA
PID-00387,UNIT-18,58.2,5,13,0.36,3.3,1,27.3,False,3,4,3,2,4,0.381,0,SYNTHETIC_DEMO_DATA
PID-00388,UNIT-32,59.3,3,12,0.24,4.1,1,19.2,False,4,4,4,4,2,0.497,0,SYNTHETIC_DEMO_DATA
PID-00389,UNIT-27,55.9,5,1,0.35,7.0,1,39.3,True,3,3,4,4,3,0.595,0,SYNTHETIC_DEMO_DATA
PID-00390,UNIT-24,32.2,8,19,0.7,6.2,2,30.1,False,3,3,4,3,2,0.423,0,SYNTHETIC_DEMO_DATA
PID-00391,UNIT-37,30.0,5,4,0.26,9.6,1,16.1,False,3,3,3,3,2,0.409,0,SYNTHETIC_DEMO_DATA
PID-00392,UNIT-33,52.8,4,19,0.19,8.6,1,41.8,False,3,3,4,3,2,0.373,0,SYNTHETIC_DEMO_DATA
PID-00393,UNIT-29,45.4,4,21,0.25,10.9,1,9.0,False,3,4,4,3,2,0.378,0,SYNTHETIC_DEMO_DATA
PID-00394,UNIT-39,58.4,2,12,0.26,6.7,0,5.3,False,1,3,3,2,2,0.38,0,SYNTHETIC_DEMO_DATA
PID-00395,UNIT-02,61.8,5,15,0.32,6.6,1,15.8,False,3,4,2,3,3,0.485,0,SYNTHETIC_DEMO_DATA
PID-00396,UNIT-23,53.9,7,0,0.26,3.5,2,12.4,False,3,2,4,3,3,0.51,0,SYNTHETIC_DEMO_DATA
PID-00397,UNIT-02,62.6,3,7,0.62,7.5,1,16.4,False,3,3,3,2,3,0.453,1,SYNTHETIC_DEMO_DATA
PID-00398,UNIT-32,55.2,4,15,0.22,3.0,1,28.0,False,4,3,4,3,2,0.462,0,SYNTHETIC_DEMO_DATA
PID-00399,UNIT-06,59.4,6,14,0.73,0.6,2,19.7,False,3,4,2,4,4,0.53,0,SYNTHETIC_DEMO_DATA
PID-00400,UNIT-23,42.1,5,1,0.27,9.6,1,19.9,True,3,3,4,2,2,0.383,1,SYNTHETIC_DEMO_DATA
PID-00401,UNIT-32,49.5,5,7,0.12,1.3,1,20.6,False,3,3,4,3,4,0.4,0,SYNTHETIC_DEMO_DATA
PID-00402,UNIT-26,54.8,8,0,0.12,6.3,0,0.0,True,3,4,3,3,2,0.53,0,SYNTHETIC_DEMO_DATA
PID-00403,UNIT-03,63.5,7,11,0.34,2.4,1,4.8,False,3,3,3,4,3,0.591,0,SYNTHETIC_DEMO_DATA
PID-00404,UNIT-20,46.5,8,0,0.16,8.4,1,16.1,False,3,3,4,4,4,0.495,0,SYNTHETIC_DEMO_DATA
PID-00405,UNIT-32,59.3,8,15,0.45,8.8,0,11.6,False,3,3,4,2,4,0.448,0,SYNTHETIC_DEMO_DATA
PID-00406,UNIT-39,48.3,9,16,0.12,6.6,1,17.7,False,3,4,3,3,3,0.369,0,SYNTHETIC_DEMO_DATA
PID-00407,UNIT-36,50.4,8,6,0.07,8.7,2,34.0,False,3,4,4,4,2,0.562,0,SYNTHETIC_DEMO_DATA
PID-00408,UNIT-33,63.6,4,12,0.09,5.0,3,19.3,False,3,4,4,3,2,0.375,0,SYNTHETIC_DEMO_DATA
PID-00409,UNIT-13,30.0,8,7,0.48,11.7,2,6.8,False,2,3,3,3,3,0.536,1,SYNTHETIC_DEMO_DATA
PID-00410,UNIT-31,33.8,2,10,0.08,7.2,0,12.1,False,2,4,3,3,3,0.476,0,SYNTHETIC_DEMO_DATA
PID-00411,UNIT-07,31.2,7,2,0.41,2.3,0,37.1,True,3,3,4,2,2,0.386,0,SYNTHETIC_DEMO_DATA
PID-00412,UNIT-14,30.0,7,12,0.36,5.2,4,35.3,False,3,3,4,4,3,0.407,0,SYNTHETIC_DEMO_DATA
PID-00413,UNIT-12,42.5,11,0,0.49,4.5,1,26.0,False,4,3,3,3,2,0.482,0,SYNTHETIC_DEMO_DATA
PID-00414,UNIT-20,62.5,12,0,0.48,4.2,0,4.4,True,3,4,2,2,2,0.541,1,SYNTHETIC_DEMO_DATA
PID-00415,UNIT-36,48.0,3,8,0.18,0.0,0,23.1,False,2,3,3,2,2,0.385,0,SYNTHETIC_DEMO_DATA
PID-00416,UNIT-35,54.8,6,7,0.33,6.2,1,23.8,False,3,4,3,3,3,0.505,0,SYNTHETIC_DEMO_DATA
PID-00417,UNIT-36,67.2,3,10,0.37,0.8,1,20.3,False,2,3,4,2,2,0.256,0,SYNTHETIC_DEMO_DATA
PID-00418,UNIT-38,70.6,7,5,0.5,0.0,1,14.3,False,2,3,4,3,2,0.518,0,SYNTHETIC_DEMO_DATA
PID-00419,UNIT-02,51.0,2,20,0.04,4.0,0,16.4,False,3,5,4,3,2,0.427,0,SYNTHETIC_DEMO_DATA
PID-00420,UNIT-40,71.0,7,9,0.11,2.7,1,13.6,False,4,3,3,2,4,0.424,0,SYNTHETIC_DEMO_DATA
PID-00421,UNIT-36,53.3,3,10,0.17,2.4,3,8.5,False,3,5,3,2,2,0.41,0,SYNTHETIC_DEMO_DATA
PID-00422,UNIT-30,40.3,12,10,0.24,0.0,0,33.7,False,3,4,4,3,3,0.406,0,SYNTHETIC_DEMO_DATA
PID-00423,UNIT-04,43.7,5,15,0.57,2.4,2,28.8,False,2,4,3,3,1,0.53,0,SYNTHETIC_DEMO_DATA
PID-00424,UNIT-30,31.3,6,12,0.35,4.5,0,17.2,False,3,5,4,2,2,0.336,0,SYNTHETIC_DEMO_DATA
PID-00425,UNIT-28,39.6,3,11,0.22,3.1,2,23.5,False,2,4,3,3,1,0.423,0,SYNTHETIC_DEMO_DATA
PID-00426,UNIT-04,47.0,6,13,0.32,6.2,2,23.9,False,3,4,3,3,3,0.493,0,SYNTHETIC_DEMO_DATA
PID-00427,UNIT-09,63.3,4,0,0.36,9.2,2,43.4,True,2,2,4,4,4,0.567,1,SYNTHETIC_DEMO_DATA
PID-00428,UNIT-31,76.1,5,0,0.28,6.5,1,28.7,True,3,3,4,4,3,0.559,1,SYNTHETIC_DEMO_DATA
PID-00429,UNIT-07,32.6,3,8,0.42,8.1,3,28.3,False,3,3,3,3,3,0.397,0,SYNTHETIC_DEMO_DATA
PID-00430,UNIT-14,57.5,5,7,0.18,8.3,2,20.4,False,4,4,4,3,4,0.492,0,SYNTHETIC_DEMO_DATA
PID-00431,UNIT-25,37.4,6,12,0.43,1.9,2,15.7,False,3,4,3,2,3,0.442,0,SYNTHETIC_DEMO_DATA
PID-00432,UNIT-35,58.6,9,9,0.07,6.3,1,33.8,False,2,4,3,3,3,0.532,0,SYNTHETIC_DEMO_DATA
PID-00433,UNIT-12,50.2,3,12,0.18,8.0,1,26.5,False,2,4,3,3,1,0.512,1,SYNTHETIC_DEMO_DATA
PID-00434,UNIT-01,30.0,6,1,0.65,3.7,0,11.7,True,3,4,3,4,2,0.523,0,SYNTHETIC_DEMO_DATA
PID-00435,UNIT-35,65.0,6,8,0.45,2.6,4,24.5,False,3,2,3,3,4,0.529,0,SYNTHETIC_DEMO_DATA
PID-00436,UNIT-38,43.5,12,0,0.47,6.6,2,28.4,True,4,4,3,3,4,0.589,0,SYNTHETIC_DEMO_DATA
PID-00437,UNIT-35,44.5,4,11,0.36,0.6,2,0.0,False,1,3,4,2,2,0.381,0,SYNTHETIC_DEMO_DATA
PID-00438,UNIT-20,37.0,6,0,0.41,1.7,0,10.8,True,2,4,3,2,2,0.464,0,SYNTHETIC_DEMO_DATA
PID-00439,UNIT-29,42.8,4,11,0.49,3.0,1,23.6,False,3,4,4,2,4,0.317,0,SYNTHETIC_DEMO_DATA
PID-00440,UNIT-06,58.0,10,0,0.25,6.4,1,0.8,True,3,3,3,4,3,0.545,0,SYNTHETIC_DEMO_DATA
PID-00441,UNIT-26,49.4,1,6,0.17,5.7,1,2.3,False,2,3,3,3,2,0.441,0,SYNTHETIC_DEMO_DATA
PID-00442,UNIT-25,56.6,8,14,0.16,8.1,2,17.3,False,2,2,4,3,3,0.404,1,SYNTHETIC_DEMO_DATA
PID-00443,UNIT-26,57.1,9,10,0.41,2.2,0,24.9,False,3,3,3,3,3,0.4,0,SYNTHETIC_DEMO_DATA
PID-00444,UNIT-28,70.5,5,0,0.07,2.1,0,25.4,True,3,4,3,3,3,0.5,0,SYNTHETIC_DEMO_DATA
PID-00445,UNIT-36,47.2,4,4,0.37,6.6,2,35.8,False,4,2,3,2,3,0.457,0,SYNTHETIC_DEMO_DATA
PID-00446,UNIT-32,31.3,1,0,0.52,2.6,1,20.8,True,2,3,3,2,2,0.404,0,SYNTHETIC_DEMO_DATA
PID-00447,UNIT-02,66.9,5,0,0.15,3.2,3,16.3,True,3,3,3,2,2,0.471,0,SYNTHETIC_DEMO_DATA
PID-00448,UNIT-29,47.4,8,9,0.16,0.0,2,6.9,False,3,3,5,3,2,0.286,0,SYNTHETIC_DEMO_DATA
PID-00449,UNIT-30,67.6,7,12,0.35,5.9,3,16.2,False,4,3,4,4,3,0.517,1,SYNTHETIC_DEMO_DATA
PID-00450,UNIT-23,57.4,7,11,0.1,9.6,2,27.1,False,3,3,2,2,3,0.467,0,SYNTHETIC_DEMO_DATA
PID-00451,UNIT-25,50.2,4,12,0.29,1.9,2,27.5,False,1,4,4,3,3,0.41,0,SYNTHETIC_DEMO_DATA
PID-00452,UNIT-04,56.9,5,8,0.36,8.1,2,22.6,False,3,2,4,3,5,0.401,1,SYNTHETIC_DEMO_DATA
PID-00453,UNIT-11,79.3,7,7,0.24,4.8,0,25.5,False,3,3,3,3,3,0.461,0,SYNTHETIC_DEMO_DATA
PID-00454,UNIT-35,81.1,8,2,0.38,0.0,2,32.8,True,3,3,4,3,3,0.464,1,SYNTHETIC_DEMO_DATA
PID-00455,UNIT-01,53.0,5,6,0.49,2.3,6,20.8,False,2,2,4,4,3,0.589,1,SYNTHETIC_DEMO_DATA
PID-00456,UNIT-40,54.2,7,1,0.12,2.1,4,33.7,True,3,3,3,3,4,0.51,0,SYNTHETIC_DEMO_DATA
PID-00457,UNIT-09,67.1,3,3,0.4,4.1,1,12.7,False,3,3,3,4,4,0.616,0,SYNTHETIC_DEMO_DATA
PID-00458,UNIT-32,40.2,3,9,0.21,6.3,0,19.3,False,2,4,5,2,2,0.292,0,SYNTHETIC_DEMO_DATA
PID-00459,UNIT-09,56.7,5,8,0.32,10.5,2,15.2,False,3,3,2,2,4,0.506,1,SYNTHETIC_DEMO_DATA
PID-00460,UNIT-02,51.6,3,27,0.12,0.7,0,27.9,False,3,4,4,2,1,0.294,0,SYNTHETIC_DEMO_DATA
PID-00461,UNIT-25,56.4,5,0,0.31,3.5,1,9.9,False,2,4,3,2,3,0.422,0,SYNTHETIC_DEMO_DATA
PID-00462,UNIT-31,40.3,5,8,0.19,2.3,0,16.8,False,3,4,4,3,3,0.348,0,SYNTHETIC_DEMO_DATA
PID-00463,UNIT-04,30.0,6,0,0.31,1.2,0,1.4,True,3,4,4,1,2,0.193,0,SYNTHETIC_DEMO_DATA
PID-00464,UNIT-11,30.0,6,6,0.23,5.3,3,25.9,False,2,4,4,2,3,0.332,0,SYNTHETIC_DEMO_DATA
PID-00465,UNIT-13,36.4,3,6,0.3,5.0,0,32.5,False,2,4,4,2,1,0.38,0,SYNTHETIC_DEMO_DATA
PID-00466,UNIT-39,45.6,6,14,0.46,0.0,2,29.1,False,2,4,2,2,3,0.484,0,SYNTHETIC_DEMO_DATA
PID-00467,UNIT-13,47.9,7,6,0.46,5.1,3,28.1,False,3,2,4,3,2,0.43,0,SYNTHETIC_DEMO_DATA
PID-00468,UNIT-03,79.1,9,7,0.41,1.4,0,28.4,False,3,3,3,3,3,0.416,0,SYNTHETIC_DEMO_DATA
PID-00469,UNIT-40,67.5,6,6,0.26,5.0,0,27.0,False,3,3,3,3,3,0.538,0,SYNTHETIC_DEMO_DATA
PID-00470,UNIT-04,38.5,6,0,0.24,8.8,2,26.1,True,3,3,4,4,4,0.527,0,SYNTHETIC_DEMO_DATA
PID-00471,UNIT-20,56.9,5,5,0.05,6.4,0,26.8,False,2,4,4,3,3,0.36,0,SYNTHETIC_DEMO_DATA
PID-00472,UNIT-08,46.3,5,6,0.21,5.5,0,13.4,False,2,3,4,4,3,0.32,0,SYNTHETIC_DEMO_DATA
PID-00473,UNIT-11,48.0,5,9,0.44,3.4,2,18.0,False,1,4,4,4,2,0.446,0,SYNTHETIC_DEMO_DATA
PID-00474,UNIT-31,54.6,4,12,0.53,5.2,3,20.7,False,3,3,3,3,3,0.479,0,SYNTHETIC_DEMO_DATA
PID-00475,UNIT-06,60.7,10,7,0.44,6.7,0,16.6,False,3,3,3,3,2,0.454,0,SYNTHETIC_DEMO_DATA
PID-00476,UNIT-27,47.3,6,7,0.07,6.4,4,4.3,False,2,3,3,3,3,0.526,0,SYNTHETIC_DEMO_DATA
PID-00477,UNIT-23,66.9,2,0,0.1,4.7,2,7.6,False,3,2,3,3,3,0.461,0,SYNTHETIC_DEMO_DATA
PID-00478,UNIT-30,36.0,7,12,0.19,5.7,1,22.3,False,2,3,4,2,2,0.339,0,SYNTHETIC_DEMO_DATA
PID-00479,UNIT-07,52.1,2,4,0.64,1.1,2,29.1,False,4,3,2,2,2,0.585,0,SYNTHETIC_DEMO_DATA
PID-00480,UNIT-15,88.4,5,13,0.07,2.8,2,20.1,False,3,3,3,2,2,0.442,1,SYNTHETIC_DEMO_DATA
PID-00481,UNIT-01,55.1,8,16,0.37,7.1,1,47.6,False,3,4,3,3,1,0.477,0,SYNTHETIC_DEMO_DATA
PID-00482,UNIT-36,72.1,7,7,0.25,7.5,2,10.8,False,4,3,3,4,3,0.589,1,SYNTHETIC_DEMO_DATA
PID-00483,UNIT-40,53.3,3,2,0.29,5.3,1,24.4,True,2,3,4,3,3,0.479,0,SYNTHETIC_DEMO_DATA
PID-00484,UNIT-18,60.1,13,8,0.33,9.4,0,32.9,False,3,3,3,3,2,0.553,1,SYNTHETIC_DEMO_DATA
PID-00485,UNIT-22,51.2,5,11,0.1,6.5,2,30.7,False,4,3,2,3,3,0.458,0,SYNTHETIC_DEMO_DATA
PID-00486,UNIT-06,49.6,8,7,0.15,4.3,1,26.6,False,3,4,4,2,3,0.343,0,SYNTHETIC_DEMO_DATA
PID-00487,UNIT-36,41.1,7,5,0.32,1.3,1,30.7,False,3,3,3,3,2,0.413,0,SYNTHETIC_DEMO_DATA
PID-00488,UNIT-31,58.0,7,12,0.25,9.3,0,20.6,False,3,2,4,3,3,0.436,0,SYNTHETIC_DEMO_DATA
PID-00489,UNIT-05,40.1,5,11,0.41,7.3,0,36.6,False,3,3,3,3,3,0.55,0,SYNTHETIC_DEMO_DATA
PID-00490,UNIT-22,61.3,4,6,0.21,10.4,0,32.8,False,3,3,3,4,2,0.598,0,SYNTHETIC_DEMO_DATA
PID-00491,UNIT-07,67.2,4,0,0.62,11.5,3,11.5,False,3,2,2,4,4,0.695,1,SYNTHETIC_DEMO_DATA
PID-00492,UNIT-24,57.1,0,11,0.25,1.1,0,23.2,False,2,4,3,3,3,0.485,0,SYNTHETIC_DEMO_DATA
PID-00493,UNIT-27,48.0,5,4,0.42,1.1,2,4.5,False,2,3,3,2,2,0.421,0,SYNTHETIC_DEMO_DATA
PID-00494,UNIT-16,58.4,5,10,0.13,0.0,1,35.2,False,2,3,3,2,3,0.291,0,SYNTHETIC_DEMO_DATA
PID-00495,UNIT-18,47.7,6,9,0.17,7.8,2,22.2,False,2,3,3,4,3,0.626,0,SYNTHETIC_DEMO_DATA
PID-00496,UNIT-29,65.1,6,0,0.39,7.0,2,33.5,True,4,3,3,3,3,0.537,1,SYNTHETIC_DEMO_DATA
PID-00497,UNIT-07,30.0,4,9,0.24,5.3,1,18.9,False,2,3,4,3,4,0.278,0,SYNTHETIC_DEMO_DATA
PID-00498,UNIT-02,47.3,4,12,0.29,1.3,2,1.4,False,2,3,4,2,3,0.259,0,SYNTHETIC_DEMO_DATA
PID-00499,UNIT-17,30.0,4,12,0.8,4.7,0,46.4,False,2,4,3,2,2,0.448,0,SYNTHETIC_DEMO_DATA
PID-00500,UNIT-20,31.1,8,9,0.33,5.6,6,21.3,False,3,3,3,3,3,0.412,0,SYNTHETIC_DEMO_DATA
PID-00501,UNIT-12,71.1,10,0,0.24,7.3,0,10.0,True,4,3,3,3,5,0.602,0,SYNTHETIC_DEMO_DATA
PID-00502,UNIT-18,64.5,3,16,0.44,5.8,2,31.5,False,2,3,4,3,2,0.457,0,SYNTHETIC_DEMO_DATA
PID-00503,UNIT-05,41.9,7,11,0.35,7.0,2,40.4,False,2,3,3,3,3,0.516,0,SYNTHETIC_DEMO_DATA
PID-00504,UNIT-30,31.0,5,1,0.39,4.6,1,18.0,False,4,3,4,3,3,0.408,0,SYNTHETIC_DEMO_DATA
PID-00505,UNIT-31,30.0,4,4,0.21,8.5,0,19.0,False,3,5,4,3,3,0.437,0,SYNTHETIC_DEMO_DATA
PID-00506,UNIT-11,44.4,7,10,0.19,6.9,0,22.4,False,3,4,4,3,3,0.43,0,SYNTHETIC_DEMO_DATA
PID-00507,UNIT-27,85.9,5,13,0.09,1.4,2,8.9,False,2,2,4,3,3,0.443,0,SYNTHETIC_DEMO_DATA
PID-00508,UNIT-10,58.1,4,6,0.16,9.2,1,13.1,False,3,4,4,2,3,0.347,1,SYNTHETIC_DEMO_DATA
PID-00509,UNIT-16,44.2,4,13,0.3,8.7,0,37.8,False,4,3,3,3,2,0.476,0,SYNTHETIC_DEMO_DATA
PID-00510,UNIT-13,58.5,8,0,0.43,6.4,1,18.7,False,3,3,3,4,3,0.498,0,SYNTHETIC_DEMO_DATA
PID-00511,UNIT-39,30.1,9,2,0.53,5.8,1,11.6,False,3,3,3,3,3,0.532,0,SYNTHETIC_DEMO_DATA
PID-00512,UNIT-20,47.8,3,0,0.02,10.0,1,15.5,False,3,4,3,4,3,0.561,0,SYNTHETIC_DEMO_DATA
PID-00513,UNIT-26,53.4,2,3,0.05,0.1,4,30.7,False,2,3,4,3,3,0.444,0,SYNTHETIC_DEMO_DATA
PID-00514,UNIT-09,50.8,4,18,0.06,8.7,0,0.2,False,2,4,4,3,2,0.267,0,SYNTHETIC_DEMO_DATA
PID-00515,UNIT-38,63.1,10,21,0.45,3.6,0,22.5,False,2,3,3,3,4,0.406,0,SYNTHETIC_DEMO_DATA
PID-00516,UNIT-28,56.8,5,10,0.37,8.3,0,44.6,False,3,4,4,3,3,0.425,1,SYNTHETIC_DEMO_DATA
PID-00517,UNIT-05,61.4,5,5,0.26,5.4,0,40.3,False,4,3,3,2,3,0.457,0,SYNTHETIC_DEMO_DATA
PID-00518,UNIT-14,42.4,11,7,0.19,1.3,1,25.7,False,3,4,3,3,1,0.396,0,SYNTHETIC_DEMO_DATA
PID-00519,UNIT-21,64.6,8,11,0.31,3.5,1,33.2,False,3,4,3,3,4,0.611,0,SYNTHETIC_DEMO_DATA
PID-00520,UNIT-17,74.8,8,0,0.18,8.1,1,33.1,True,3,2,3,4,3,0.593,0,SYNTHETIC_DEMO_DATA
PID-00521,UNIT-33,38.4,3,5,0.08,4.4,1,18.7,False,3,5,3,3,1,0.383,1,SYNTHETIC_DEMO_DATA
PID-00522,UNIT-23,39.6,4,17,0.62,3.1,1,29.2,False,2,4,4,2,3,0.331,0,SYNTHETIC_DEMO_DATA
PID-00523,UNIT-23,70.7,5,2,0.27,3.1,2,37.9,False,2,3,3,3,3,0.465,1,SYNTHETIC_DEMO_DATA
PID-00524,UNIT-16,49.3,5,4,0.13,6.9,0,7.4,False,3,3,2,2,2,0.388,0,SYNTHETIC_DEMO_DATA
PID-00525,UNIT-34,71.7,4,9,0.21,10.3,0,25.8,False,3,3,3,3,4,0.565,0,SYNTHETIC_DEMO_DATA
PID-00526,UNIT-29,45.8,6,10,0.41,0.0,2,23.6,False,2,4,3,3,1,0.473,0,SYNTHETIC_DEMO_DATA
PID-00527,UNIT-29,72.4,7,5,0.38,12.0,1,21.0,False,3,3,3,4,3,0.652,1,SYNTHETIC_DEMO_DATA
PID-00528,UNIT-27,53.8,5,9,0.14,5.6,1,20.1,False,3,4,4,2,2,0.429,0,SYNTHETIC_DEMO_DATA
PID-00529,UNIT-27,55.6,9,12,0.18,6.7,3,22.3,False,3,4,3,4,3,0.584,0,SYNTHETIC_DEMO_DATA
PID-00530,UNIT-31,73.9,5,20,0.53,3.7,1,23.2,False,2,3,4,2,4,0.332,0,SYNTHETIC_DEMO_DATA
PID-00531,UNIT-10,46.9,10,8,0.32,5.0,5,31.2,False,3,4,3,3,3,0.554,0,SYNTHETIC_DEMO_DATA
PID-00532,UNIT-21,38.8,6,8,0.36,5.6,0,24.8,False,2,5,4,2,3,0.296,0,SYNTHETIC_DEMO_DATA
PID-00533,UNIT-06,45.7,8,18,0.16,1.9,1,18.2,False,2,4,4,3,4,0.351,0,SYNTHETIC_DEMO_DATA
PID-00534,UNIT-15,58.3,7,5,0.07,2.6,1,11.6,False,3,3,4,3,3,0.42,0,SYNTHETIC_DEMO_DATA
PID-00535,UNIT-12,30.1,7,1,0.22,8.6,2,15.3,False,3,3,3,3,3,0.48,0,SYNTHETIC_DEMO_DATA
PID-00536,UNIT-09,60.9,9,10,0.29,0.3,4,22.6,False,3,3,3,4,2,0.462,0,SYNTHETIC_DEMO_DATA
PID-00537,UNIT-22,44.5,5,15,0.38,6.3,0,12.9,False,2,3,3,3,4,0.399,0,SYNTHETIC_DEMO_DATA
PID-00538,UNIT-18,68.1,5,11,0.24,3.9,5,29.5,False,3,2,2,3,3,0.558,0,SYNTHETIC_DEMO_DATA
PID-00539,UNIT-19,30.0,3,8,0.03,2.1,3,24.3,False,3,5,4,3,2,0.344,0,SYNTHETIC_DEMO_DATA
PID-00540,UNIT-35,41.0,3,0,0.33,10.9,0,31.4,True,3,4,3,4,3,0.616,0,SYNTHETIC_DEMO_DATA
PID-00541,UNIT-15,30.0,6,8,0.32,2.1,3,13.6,False,3,3,4,3,3,0.469,0,SYNTHETIC_DEMO_DATA
PID-00542,UNIT-05,40.4,6,16,0.11,1.6,1,11.7,False,1,4,3,3,2,0.345,0,SYNTHETIC_DEMO_DATA
PID-00543,UNIT-32,55.5,5,1,0.31,4.4,2,31.4,True,3,3,4,2,3,0.406,0,SYNTHETIC_DEMO_DATA
PID-00544,UNIT-09,49.5,3,7,0.66,2.7,1,21.3,False,2,3,4,3,4,0.518,0,SYNTHETIC_DEMO_DATA
PID-00545,UNIT-39,48.5,5,6,0.51,5.0,3,18.0,False,2,3,4,3,4,0.461,0,SYNTHETIC_DEMO_DATA
PID-00546,UNIT-27,49.8,4,4,0.55,5.5,0,27.0,False,4,2,4,2,3,0.368,0,SYNTHETIC_DEMO_DATA
PID-00547,UNIT-11,54.8,7,10,0.15,5.7,1,26.6,False,3,3,4,3,2,0.473,0,SYNTHETIC_DEMO_DATA
PID-00548,UNIT-23,37.9,8,11,0.37,4.6,1,7.4,False,3,3,3,3,2,0.44,0,SYNTHETIC_DEMO_DATA
PID-00549,UNIT-38,61.9,7,11,0.04,2.9,0,33.8,False,3,4,4,2,4,0.406,0,SYNTHETIC_DEMO_DATA
PID-00550,UNIT-37,61.3,2,3,0.22,6.9,1,15.9,False,3,2,3,3,3,0.469,0,SYNTHETIC_DEMO_DATA
PID-00551,UNIT-16,57.4,7,0,0.26,4.7,1,37.0,True,3,3,2,3,4,0.517,0,SYNTHETIC_DEMO_DATA
PID-00552,UNIT-02,59.8,5,10,0.33,3.5,1,6.7,False,4,4,4,3,3,0.472,0,SYNTHETIC_DEMO_DATA
PID-00553,UNIT-04,56.1,6,5,0.4,9.4,0,23.2,False,4,3,3,3,4,0.519,1,SYNTHETIC_DEMO_DATA
PID-00554,UNIT-36,80.5,5,20,0.34,4.6,1,18.1,False,3,3,2,3,3,0.533,0,SYNTHETIC_DEMO_DATA
PID-00555,UNIT-27,50.8,3,20,0.16,8.3,1,0.2,False,3,5,3,3,2,0.35,0,SYNTHETIC_DEMO_DATA
PID-00556,UNIT-30,47.7,7,20,0.21,8.7,0,26.6,False,2,3,4,3,4,0.389,0,SYNTHETIC_DEMO_DATA
PID-00557,UNIT-29,41.5,6,3,0.24,8.9,0,0.8,False,3,4,3,3,3,0.524,0,SYNTHETIC_DEMO_DATA
PID-00558,UNIT-32,37.5,4,12,0.28,7.1,1,17.1,False,2,4,4,1,3,0.25,0,SYNTHETIC_DEMO_DATA
PID-00559,UNIT-21,34.6,9,14,0.79,5.0,0,31.0,False,3,5,4,3,4,0.462,0,SYNTHETIC_DEMO_DATA
PID-00560,UNIT-16,39.6,8,13,0.47,4.8,3,14.7,False,4,3,2,2,3,0.473,1,SYNTHETIC_DEMO_DATA
PID-00561,UNIT-10,51.0,7,6,0.17,4.3,1,11.0,False,2,4,3,3,4,0.456,0,SYNTHETIC_DEMO_DATA
PID-00562,UNIT-13,56.7,7,16,0.38,0.0,2,28.0,False,3,4,3,3,3,0.517,0,SYNTHETIC_DEMO_DATA
PID-00563,UNIT-31,52.7,6,9,0.04,7.2,3,17.5,False,3,3,4,4,3,0.491,0,SYNTHETIC_DEMO_DATA
PID-00564,UNIT-01,41.3,6,9,0.23,5.7,1,15.9,False,3,3,3,4,3,0.502,0,SYNTHETIC_DEMO_DATA
PID-00565,UNIT-06,64.6,4,0,0.13,7.5,1,32.7,True,3,3,3,3,3,0.502,0,SYNTHETIC_DEMO_DATA
PID-00566,UNIT-32,62.4,9,12,0.27,4.6,1,8.3,False,3,4,4,2,3,0.388,0,SYNTHETIC_DEMO_DATA
PID-00567,UNIT-26,49.8,5,7,0.3,7.0,3,15.4,False,3,3,4,3,3,0.502,0,SYNTHETIC_DEMO_DATA
PID-00568,UNIT-07,42.9,1,11,0.34,0.9,1,28.7,False,1,4,5,3,2,0.264,0,SYNTHETIC_DEMO_DATA
PID-00569,UNIT-02,59.7,7,10,0.36,1.5,0,7.7,False,4,4,2,2,2,0.48,0,SYNTHETIC_DEMO_DATA
PID-00570,UNIT-10,54.6,7,10,0.03,0.0,1,37.8,False,2,2,4,3,3,0.388,0,SYNTHETIC_DEMO_DATA
PID-00571,UNIT-05,31.7,3,8,0.07,4.6,1,17.8,False,2,3,4,3,2,0.403,0,SYNTHETIC_DEMO_DATA
PID-00572,UNIT-12,51.0,1,13,0.2,2.7,0,28.7,False,2,2,4,2,2,0.436,0,SYNTHETIC_DEMO_DATA
PID-00573,UNIT-34,55.7,4,7,0.29,2.3,3,28.7,False,2,4,3,2,3,0.395,0,SYNTHETIC_DEMO_DATA
PID-00574,UNIT-35,39.4,3,0,0.21,6.0,0,18.5,False,2,3,4,2,2,0.296,0,SYNTHETIC_DEMO_DATA
PID-00575,UNIT-12,54.7,10,12,0.26,3.7,0,15.2,False,2,4,4,3,2,0.428,0,SYNTHETIC_DEMO_DATA
PID-00576,UNIT-12,31.6,5,4,0.21,0.7,0,19.6,False,1,4,4,3,1,0.385,0,SYNTHETIC_DEMO_DATA
PID-00577,UNIT-34,70.7,2,1,0.26,12.0,1,27.1,False,3,3,3,3,3,0.596,1,SYNTHETIC_DEMO_DATA
PID-00578,UNIT-18,69.5,3,2,0.23,4.9,1,10.1,False,2,3,5,3,2,0.397,0,SYNTHETIC_DEMO_DATA
PID-00579,UNIT-09,48.5,6,10,0.01,1.8,1,8.0,False,2,4,4,4,2,0.401,0,SYNTHETIC_DEMO_DATA
PID-00580,UNIT-30,57.1,3,8,0.55,3.0,1,34.8,False,3,3,2,2,2,0.385,1,SYNTHETIC_DEMO_DATA
PID-00581,UNIT-20,30.0,3,0,0.16,4.5,3,12.7,True,1,4,3,2,1,0.331,1,SYNTHETIC_DEMO_DATA
PID-00582,UNIT-36,35.8,1,6,0.16,4.5,2,23.5,False,2,5,4,3,4,0.378,0,SYNTHETIC_DEMO_DATA
PID-00583,UNIT-36,47.9,7,16,0.54,8.9,1,18.0,False,3,2,4,3,3,0.448,0,SYNTHETIC_DEMO_DATA
PID-00584,UNIT-32,37.0,4,6,0.11,4.8,1,18.4,False,2,4,3,3,3,0.539,0,SYNTHETIC_DEMO_DATA
PID-00585,UNIT-39,62.0,6,8,0.1,10.6,1,34.3,False,3,3,4,4,3,0.446,0,SYNTHETIC_DEMO_DATA
PID-00586,UNIT-22,80.0,4,15,0.34,3.7,1,19.1,False,3,3,2,3,4,0.548,0,SYNTHETIC_DEMO_DATA
PID-00587,UNIT-22,35.5,9,13,0.16,6.3,0,16.4,False,2,3,4,1,2,0.235,0,SYNTHETIC_DEMO_DATA
PID-00588,UNIT-01,40.3,6,15,0.26,8.1,1,17.3,False,3,3,4,3,3,0.427,0,SYNTHETIC_DEMO_DATA
PID-00589,UNIT-07,55.3,13,0,0.24,8.6,0,15.0,True,4,4,3,3,2,0.498,0,SYNTHETIC_DEMO_DATA
PID-00590,UNIT-07,74.6,5,19,0.44,8.9,0,13.3,False,2,3,4,4,5,0.577,0,SYNTHETIC_DEMO_DATA
PID-00591,UNIT-37,34.9,8,12,0.09,4.2,0,15.0,False,2,5,5,3,2,0.384,0,SYNTHETIC_DEMO_DATA
PID-00592,UNIT-11,55.5,5,23,0.4,5.0,2,36.6,False,3,4,3,2,3,0.392,0,SYNTHETIC_DEMO_DATA
PID-00593,UNIT-25,77.5,6,4,0.3,0.0,2,27.1,False,2,3,3,4,3,0.636,0,SYNTHETIC_DEMO_DATA
PID-00594,UNIT-17,30.0,4,0,0.16,4.4,1,16.5,False,3,4,5,3,2,0.399,0,SYNTHETIC_DEMO_DATA
PID-00595,UNIT-31,34.1,6,9,0.01,8.3,2,29.8,False,2,4,5,3,3,0.443,0,SYNTHETIC_DEMO_DATA
PID-00596,UNIT-15,46.1,5,7,0.1,7.7,3,4.1,False,3,4,4,3,4,0.445,1,SYNTHETIC_DEMO_DATA
PID-00597,UNIT-38,44.7,8,12,0.03,4.7,0,33.8,False,3,3,3,3,3,0.474,0,SYNTHETIC_DEMO_DATA
PID-00598,UNIT-21,63.4,4,15,0.39,10.1,1,33.0,False,2,2,4,2,3,0.371,0,SYNTHETIC_DEMO_DATA
PID-00599,UNIT-10,55.4,5,8,0.32,3.8,0,42.4,False,2,4,3,3,3,0.418,0,SYNTHETIC_DEMO_DATA
PID-00600,UNIT-17,30.0,11,7,0.63,2.9,1,30.1,False,3,4,4,3,4,0.536,0,SYNTHETIC_DEMO_DATA
PID-00601,UNIT-15,59.2,8,12,0.27,3.6,0,24.4,False,3,4,3,3,2,0.406,0,SYNTHETIC_DEMO_DATA
PID-00602,UNIT-30,43.9,5,7,0.1,1.6,2,32.9,False,2,4,4,3,1,0.374,0,SYNTHETIC_DEMO_DATA
PID-00603,UNIT-13,69.8,7,6,0.31,6.9,1,13.7,False,2,3,3,3,2,0.428,0,SYNTHETIC_DEMO_DATA
PID-00604,UNIT-03,43.2,6,15,0.29,5.9,1,16.0,False,3,3,3,2,2,0.346,0,SYNTHETIC_DEMO_DATA
PID-00605,UNIT-32,43.1,7,16,0.35,6.8,0,19.4,False,2,4,4,2,2,0.299,0,SYNTHETIC_DEMO_DATA
PID-00606,UNIT-40,59.6,6,15,0.25,3.8,1,33.7,False,3,4,3,3,2,0.424,0,SYNTHETIC_DEMO_DATA
PID-00607,UNIT-11,62.7,5,7,0.42,4.8,0,11.4,False,3,3,5,3,3,0.425,1,SYNTHETIC_DEMO_DATA
PID-00608,UNIT-34,58.3,3,0,0.18,0.0,0,10.4,False,2,3,3,2,3,0.414,0,SYNTHETIC_DEMO_DATA
PID-00609,UNIT-02,30.0,6,8,0.31,6.1,1,22.4,False,3,3,3,3,3,0.398,0,SYNTHETIC_DEMO_DATA
PID-00610,UNIT-14,59.5,11,4,0.19,5.3,2,27.2,False,3,3,4,3,3,0.433,1,SYNTHETIC_DEMO_DATA
PID-00611,UNIT-01,37.5,6,8,0.23,1.7,3,13.0,False,3,5,4,2,3,0.401,0,SYNTHETIC_DEMO_DATA
PID-00612,UNIT-16,55.3,7,4,0.19,4.7,1,26.7,False,4,2,3,3,3,0.568,0,SYNTHETIC_DEMO_DATA
PID-00613,UNIT-25,32.1,7,8,0.3,4.2,1,33.7,False,3,4,3,3,3,0.504,0,SYNTHETIC_DEMO_DATA
PID-00614,UNIT-39,58.2,3,2,0.33,10.3,0,32.0,False,3,2,3,3,4,0.435,0,SYNTHETIC_DEMO_DATA
PID-00615,UNIT-34,40.7,5,1,0.35,1.8,1,23.5,False,4,4,3,2,2,0.456,0,SYNTHETIC_DEMO_DATA
PID-00616,UNIT-38,34.0,4,16,0.16,6.0,1,19.1,False,2,4,4,3,3,0.47,0,SYNTHETIC_DEMO_DATA
PID-00617,UNIT-27,62.0,6,3,0.26,1.7,1,37.4,False,3,3,3,3,3,0.395,0,SYNTHETIC_DEMO_DATA
PID-00618,UNIT-16,55.4,0,9,0.2,3.3,1,20.2,False,2,4,4,4,3,0.519,0,SYNTHETIC_DEMO_DATA
PID-00619,UNIT-37,43.4,8,14,0.12,5.8,2,29.4,False,2,4,4,4,3,0.485,0,SYNTHETIC_DEMO_DATA
PID-00620,UNIT-03,72.3,7,14,0.15,4.4,1,39.6,False,4,3,4,2,3,0.363,0,SYNTHETIC_DEMO_DATA
PID-00621,UNIT-33,45.8,4,13,0.33,5.0,0,28.4,False,2,3,3,3,3,0.445,0,SYNTHETIC_DEMO_DATA
PID-00622,UNIT-40,52.4,6,10,0.53,6.0,2,10.0,False,4,4,3,3,3,0.526,0,SYNTHETIC_DEMO_DATA
PID-00623,UNIT-01,55.8,5,13,0.12,3.5,2,7.6,False,3,4,4,2,2,0.411,0,SYNTHETIC_DEMO_DATA
PID-00624,UNIT-27,43.3,4,17,0.21,7.7,1,17.0,False,3,4,4,3,1,0.459,0,SYNTHETIC_DEMO_DATA
PID-00625,UNIT-36,58.6,8,11,0.5,4.1,2,27.1,False,3,3,3,4,3,0.487,0,SYNTHETIC_DEMO_DATA
PID-00626,UNIT-28,44.5,8,0,0.1,4.7,1,24.4,True,2,4,3,4,3,0.499,0,SYNTHETIC_DEMO_DATA
PID-00627,UNIT-40,46.2,10,5,0.16,6.1,0,42.1,False,1,5,4,2,3,0.375,0,SYNTHETIC_DEMO_DATA
PID-00628,UNIT-11,71.1,4,13,0.32,5.7,0,24.4,False,3,3,3,3,3,0.561,0,SYNTHETIC_DEMO_DATA
PID-00629,UNIT-26,37.4,6,5,0.31,6.9,0,16.7,False,3,3,3,3,2,0.326,0,SYNTHETIC_DEMO_DATA
PID-00630,UNIT-33,30.0,5,18,0.68,6.0,0,8.7,False,2,3,4,1,2,0.247,0,SYNTHETIC_DEMO_DATA
PID-00631,UNIT-03,74.6,2,8,0.25,6.4,2,31.8,False,3,3,2,2,3,0.419,0,SYNTHETIC_DEMO_DATA
PID-00632,UNIT-23,87.7,9,9,0.27,4.0,1,19.9,False,3,2,4,3,3,0.419,0,SYNTHETIC_DEMO_DATA
PID-00633,UNIT-39,46.3,10,15,0.27,1.8,2,4.9,False,3,4,3,3,1,0.495,0,SYNTHETIC_DEMO_DATA
PID-00634,UNIT-19,30.0,4,7,0.29,0.7,0,20.2,False,2,4,3,1,1,0.254,0,SYNTHETIC_DEMO_DATA
PID-00635,UNIT-33,47.7,7,10,0.04,0.0,1,10.0,False,3,4,3,3,3,0.299,0,SYNTHETIC_DEMO_DATA
PID-00636,UNIT-30,48.0,4,14,0.3,10.3,0,15.7,False,2,3,3,3,4,0.464,0,SYNTHETIC_DEMO_DATA
PID-00637,UNIT-11,49.3,8,0,0.25,0.0,2,20.1,True,3,3,4,3,3,0.533,0,SYNTHETIC_DEMO_DATA
PID-00638,UNIT-15,36.4,4,7,0.52,8.6,2,10.9,False,3,3,4,3,3,0.367,0,SYNTHETIC_DEMO_DATA
PID-00639,UNIT-20,60.1,6,13,0.17,2.5,2,15.1,False,4,4,4,3,2,0.447,0,SYNTHETIC_DEMO_DATA
PID-00640,UNIT-18,59.3,3,9,0.19,8.6,0,12.6,False,3,2,4,3,3,0.519,0,SYNTHETIC_DEMO_DATA
PID-00641,UNIT-24,31.1,4,17,0.39,0.0,1,12.8,False,3,4,3,1,2,0.268,0,SYNTHETIC_DEMO_DATA
PID-00642,UNIT-27,61.8,6,0,0.41,4.3,1,9.9,True,3,3,3,3,4,0.611,0,SYNTHETIC_DEMO_DATA
PID-00643,UNIT-17,80.7,6,0,0.52,9.4,1,15.2,False,5,3,3,3,4,0.551,1,SYNTHETIC_DEMO_DATA
PID-00644,UNIT-26,54.4,6,13,0.72,7.1,2,11.1,False,3,2,4,2,4,0.494,0,SYNTHETIC_DEMO_DATA
PID-00645,UNIT-27,47.3,5,14,0.37,4.0,0,25.9,False,3,4,3,3,4,0.5,0,SYNTHETIC_DEMO_DATA
PID-00646,UNIT-39,50.0,10,7,0.12,0.0,0,22.0,False,2,3,5,3,2,0.348,0,SYNTHETIC_DEMO_DATA
PID-00647,UNIT-33,60.6,6,11,0.27,1.0,2,31.9,False,3,3,2,2,4,0.369,0,SYNTHETIC_DEMO_DATA
PID-00648,UNIT-23,30.0,5,13,0.08,9.2,1,38.9,False,2,2,4,3,1,0.345,0,SYNTHETIC_DEMO_DATA
PID-00649,UNIT-08,54.3,7,4,0.07,4.0,2,26.8,False,3,3,3,4,2,0.42,0,SYNTHETIC_DEMO_DATA
PID-00650,UNIT-13,46.5,4,4,0.53,4.8,1,24.5,False,2,3,3,2,3,0.457,0,SYNTHETIC_DEMO_DATA
PID-00651,UNIT-14,77.9,9,10,0.15,5.9,0,27.4,False,3,4,3,4,3,0.586,0,SYNTHETIC_DEMO_DATA
PID-00652,UNIT-12,49.6,4,14,0.31,1.1,0,24.7,False,3,4,3,3,2,0.421,0,SYNTHETIC_DEMO_DATA
PID-00653,UNIT-38,75.4,4,2,0.28,6.2,1,20.5,True,3,3,3,4,3,0.582,0,SYNTHETIC_DEMO_DATA
PID-00654,UNIT-22,36.5,9,7,0.35,3.7,1,19.7,False,2,3,3,3,4,0.525,0,SYNTHETIC_DEMO_DATA
PID-00655,UNIT-40,60.2,10,7,0.22,5.9,4,9.8,False,2,2,4,4,3,0.565,0,SYNTHETIC_DEMO_DATA
PID-00656,UNIT-05,56.5,5,11,0.23,3.3,0,28.4,False,3,4,5,2,2,0.278,0,SYNTHETIC_DEMO_DATA
PID-00657,UNIT-29,39.8,5,8,0.51,0.3,1,19.7,False,3,4,4,4,3,0.467,0,SYNTHETIC_DEMO_DATA
PID-00658,UNIT-24,54.5,2,5,0.54,3.7,2,34.5,False,2,3,3,3,3,0.599,1,SYNTHETIC_DEMO_DATA
PID-00659,UNIT-31,69.0,11,16,0.29,6.9,1,29.2,False,4,4,3,4,4,0.596,1,SYNTHETIC_DEMO_DATA
PID-00660,UNIT-16,47.5,4,5,0.16,6.2,1,13.7,False,3,3,5,3,3,0.368,0,SYNTHETIC_DEMO_DATA
PID-00661,UNIT-21,30.0,11,7,0.31,5.1,1,32.5,False,1,4,4,3,2,0.415,0,SYNTHETIC_DEMO_DATA
PID-00662,UNIT-15,51.8,6,0,0.1,7.7,3,0.0,True,2,2,4,4,3,0.559,1,SYNTHETIC_DEMO_DATA
PID-00663,UNIT-28,39.4,11,4,0.33,4.4,2,39.3,False,3,3,3,2,2,0.405,0,SYNTHETIC_DEMO_DATA
PID-00664,UNIT-08,47.2,7,12,0.55,5.2,3,6.6,False,3,4,4,2,3,0.375,0,SYNTHETIC_DEMO_DATA
PID-00665,UNIT-27,50.9,6,10,0.22,3.6,1,25.0,False,3,3,4,3,3,0.412,0,SYNTHETIC_DEMO_DATA
PID-00666,UNIT-20,30.0,7,12,0.66,7.9,0,24.3,False,2,4,3,3,3,0.544,1,SYNTHETIC_DEMO_DATA
PID-00667,UNIT-32,30.0,6,12,0.29,5.9,1,31.2,False,2,4,4,1,2,0.315,0,SYNTHETIC_DEMO_DATA
PID-00668,UNIT-02,58.7,5,21,0.39,3.3,0,16.7,False,2,3,3,2,3,0.356,0,SYNTHETIC_DEMO_DATA
PID-00669,UNIT-08,44.7,7,4,0.42,0.5,2,0.0,False,3,4,3,4,2,0.571,0,SYNTHETIC_DEMO_DATA
PID-00670,UNIT-25,30.0,5,0,0.26,8.3,1,16.7,False,2,4,4,2,3,0.376,1,SYNTHETIC_DEMO_DATA
PID-00671,UNIT-15,63.0,4,2,0.09,2.8,1,17.8,False,2,3,4,4,3,0.51,0,SYNTHETIC_DEMO_DATA
PID-00672,UNIT-12,55.8,6,4,0.22,5.2,0,0.0,False,3,4,4,2,2,0.389,0,SYNTHETIC_DEMO_DATA
PID-00673,UNIT-38,42.0,3,3,0.32,12.0,6,20.5,False,3,2,1,3,4,0.524,0,SYNTHETIC_DEMO_DATA
PID-00674,UNIT-37,33.6,6,9,0.54,7.4,2,9.2,False,3,4,3,3,3,0.334,0,SYNTHETIC_DEMO_DATA
PID-00675,UNIT-04,63.7,5,16,0.2,9.8,1,26.5,False,4,3,3,4,3,0.565,0,SYNTHETIC_DEMO_DATA
PID-00676,UNIT-22,56.9,6,18,0.31,3.4,2,17.5,False,2,3,3,2,2,0.356,0,SYNTHETIC_DEMO_DATA
PID-00677,UNIT-27,85.4,4,12,0.48,8.2,0,39.6,False,2,2,3,2,3,0.394,0,SYNTHETIC_DEMO_DATA
PID-00678,UNIT-32,57.9,4,21,0.25,5.1,0,17.4,False,3,4,4,2,3,0.292,0,SYNTHETIC_DEMO_DATA
PID-00679,UNIT-09,57.4,6,6,0.6,6.1,2,24.3,False,3,3,2,4,3,0.674,1,SYNTHETIC_DEMO_DATA
PID-00680,UNIT-35,49.7,8,0,0.2,11.1,3,17.9,True,3,3,3,3,3,0.565,0,SYNTHETIC_DEMO_DATA
PID-00681,UNIT-27,63.4,2,15,0.08,4.2,0,3.8,False,2,4,4,3,3,0.432,0,SYNTHETIC_DEMO_DATA
PID-00682,UNIT-36,60.8,7,0,0.29,5.1,3,18.0,True,3,3,3,3,4,0.553,0,SYNTHETIC_DEMO_DATA
PID-00683,UNIT-28,69.5,5,4,0.15,2.3,1,27.5,False,2,3,5,3,4,0.356,0,SYNTHETIC_DEMO_DATA
PID-00684,UNIT-35,44.7,6,12,0.13,7.7,2,26.0,False,2,4,3,3,3,0.506,0,SYNTHETIC_DEMO_DATA
PID-00685,UNIT-02,45.9,4,8,0.29,3.3,2,17.1,False,3,4,2,2,2,0.469,0,SYNTHETIC_DEMO_DATA
PID-00686,UNIT-10,45.3,4,7,0.24,8.1,1,5.4,False,3,4,4,3,4,0.431,0,SYNTHETIC_DEMO_DATA
PID-00687,UNIT-22,63.1,5,1,0.6,0.1,0,26.4,False,3,3,3,2,3,0.432,0,SYNTHETIC_DEMO_DATA
PID-00688,UNIT-13,73.0,6,8,0.11,6.6,1,24.2,False,3,4,4,4,2,0.563,0,SYNTHETIC_DEMO_DATA
PID-00689,UNIT-08,45.6,7,15,0.13,3.1,1,28.4,False,3,4,3,2,2,0.328,0,SYNTHETIC_DEMO_DATA
PID-00690,UNIT-29,46.1,7,9,0.46,7.2,1,17.3,False,3,3,3,3,3,0.546,0,SYNTHETIC_DEMO_DATA
PID-00691,UNIT-40,56.4,5,4,0.09,5.0,3,3.2,False,2,3,3,2,3,0.462,1,SYNTHETIC_DEMO_DATA
PID-00692,UNIT-22,48.6,10,1,0.33,3.4,2,25.3,True,3,3,4,3,1,0.459,0,SYNTHETIC_DEMO_DATA
PID-00693,UNIT-25,65.3,3,4,0.1,3.8,3,19.9,False,3,2,3,3,3,0.573,0,SYNTHETIC_DEMO_DATA
PID-00694,UNIT-25,30.0,7,11,0.44,2.4,2,33.9,False,2,4,3,4,3,0.436,0,SYNTHETIC_DEMO_DATA
PID-00695,UNIT-17,40.4,3,11,0.2,7.5,2,20.3,False,3,4,4,3,1,0.397,0,SYNTHETIC_DEMO_DATA
PID-00696,UNIT-28,41.0,10,4,0.19,1.9,2,19.5,False,2,4,3,2,3,0.366,0,SYNTHETIC_DEMO_DATA
PID-00697,UNIT-33,30.0,5,0,0.21,4.2,2,24.2,True,3,3,2,2,3,0.454,0,SYNTHETIC_DEMO_DATA
PID-00698,UNIT-05,38.5,7,11,0.25,6.0,1,14.0,False,4,3,3,2,2,0.451,0,SYNTHETIC_DEMO_DATA
PID-00699,UNIT-12,39.2,6,3,0.08,9.8,1,13.5,False,3,4,5,3,2,0.352,0,SYNTHETIC_DEMO_DATA
PID-00700,UNIT-07,49.2,5,13,0.17,5.0,1,19.0,False,2,3,3,4,2,0.671,0,SYNTHETIC_DEMO_DATA
PID-00701,UNIT-32,67.6,3,4,0.06,4.3,0,10.8,False,3,4,4,3,1,0.396,0,SYNTHETIC_DEMO_DATA
PID-00702,UNIT-26,48.6,7,3,0.11,5.8,0,17.7,False,4,3,3,3,2,0.483,0,SYNTHETIC_DEMO_DATA
PID-00703,UNIT-27,37.6,4,9,0.21,0.0,1,39.4,False,2,4,5,2,2,0.267,0,SYNTHETIC_DEMO_DATA
PID-00704,UNIT-26,51.2,1,23,0.21,1.4,2,30.4,False,3,3,3,2,1,0.347,0,SYNTHETIC_DEMO_DATA
PID-00705,UNIT-22,66.7,6,13,0.56,3.9,1,23.1,False,3,4,3,3,3,0.459,0,SYNTHETIC_DEMO_DATA
PID-00706,UNIT-33,38.3,2,9,0.09,2.9,0,35.5,False,2,4,4,2,2,0.356,0,SYNTHETIC_DEMO_DATA
PID-00707,UNIT-07,39.3,5,11,0.58,0.2,1,11.8,False,2,3,3,3,3,0.393,0,SYNTHETIC_DEMO_DATA
PID-00708,UNIT-28,59.8,5,0,0.29,7.6,1,44.9,False,3,2,3,4,3,0.491,0,SYNTHETIC_DEMO_DATA
PID-00709,UNIT-34,48.9,4,2,0.46,5.8,3,15.4,True,2,2,3,3,4,0.461,1,SYNTHETIC_DEMO_DATA
PID-00710,UNIT-09,61.1,8,0,0.26,5.4,2,40.0,True,3,3,3,3,4,0.596,0,SYNTHETIC_DEMO_DATA
PID-00711,UNIT-29,51.8,6,19,0.51,2.9,1,40.0,False,2,4,3,3,2,0.513,0,SYNTHETIC_DEMO_DATA
PID-00712,UNIT-03,61.8,2,18,0.42,5.2,2,2.5,False,3,3,4,3,3,0.336,0,SYNTHETIC_DEMO_DATA
PID-00713,UNIT-07,37.5,4,11,0.21,6.5,0,34.7,False,4,3,4,2,3,0.373,0,SYNTHETIC_DEMO_DATA
PID-00714,UNIT-16,51.8,2,9,0.08,4.2,4,17.2,False,3,4,4,4,3,0.391,0,SYNTHETIC_DEMO_DATA
PID-00715,UNIT-40,49.1,5,0,0.05,6.3,1,14.3,False,2,5,4,2,4,0.376,0,SYNTHETIC_DEMO_DATA
PID-00716,UNIT-15,35.0,5,7,0.29,2.6,1,25.2,False,2,4,4,2,2,0.272,0,SYNTHETIC_DEMO_DATA
PID-00717,UNIT-18,30.1,3,19,0.18,5.3,1,9.9,False,2,5,5,2,2,0.303,0,SYNTHETIC_DEMO_DATA
PID-00718,UNIT-31,61.6,10,9,0.36,8.4,2,25.0,False,3,4,3,3,3,0.561,1,SYNTHETIC_DEMO_DATA
PID-00719,UNIT-32,47.1,2,5,0.61,8.7,0,10.6,False,4,4,3,4,3,0.61,0,SYNTHETIC_DEMO_DATA
PID-00720,UNIT-27,37.7,3,0,0.37,9.0,3,21.8,True,4,3,2,3,3,0.54,1,SYNTHETIC_DEMO_DATA
PID-00721,UNIT-02,50.7,10,17,0.11,5.9,1,33.4,False,3,3,2,4,2,0.542,0,SYNTHETIC_DEMO_DATA
PID-00722,UNIT-35,67.8,7,8,0.15,5.1,1,23.9,False,3,4,4,3,4,0.377,0,SYNTHETIC_DEMO_DATA
PID-00723,UNIT-11,30.0,9,0,0.27,3.7,1,16.4,True,3,3,3,3,4,0.406,0,SYNTHETIC_DEMO_DATA
PID-00724,UNIT-21,31.0,3,3,0.48,0.0,2,25.4,False,2,3,4,2,2,0.387,0,SYNTHETIC_DEMO_DATA
PID-00725,UNIT-30,39.1,8,1,0.27,1.0,1,5.9,False,3,3,3,4,2,0.528,0,SYNTHETIC_DEMO_DATA
PID-00726,UNIT-12,72.5,4,8,0.45,4.5,2,11.6,False,3,3,2,3,4,0.565,1,SYNTHETIC_DEMO_DATA
PID-00727,UNIT-28,56.0,5,10,0.1,4.7,0,15.7,False,2,2,3,2,3,0.45,0,SYNTHETIC_DEMO_DATA
PID-00728,UNIT-21,62.7,5,5,0.17,9.2,0,27.9,False,3,2,4,5,3,0.519,0,SYNTHETIC_DEMO_DATA
PID-00729,UNIT-07,36.0,4,13,0.5,8.9,0,24.1,False,3,3,3,3,3,0.499,0,SYNTHETIC_DEMO_DATA
PID-00730,UNIT-09,36.3,7,9,0.19,2.9,0,25.4,False,2,3,4,3,2,0.321,0,SYNTHETIC_DEMO_DATA
PID-00731,UNIT-31,58.3,6,15,0.31,7.5,1,19.7,False,4,4,3,4,3,0.617,0,SYNTHETIC_DEMO_DATA
PID-00732,UNIT-03,52.8,3,6,0.5,3.6,1,12.1,False,2,3,4,3,3,0.467,0,SYNTHETIC_DEMO_DATA
PID-00733,UNIT-16,59.7,7,27,0.16,7.0,0,34.9,False,2,4,4,3,2,0.442,0,SYNTHETIC_DEMO_DATA
PID-00734,UNIT-20,49.4,7,5,0.21,7.4,0,13.0,False,3,4,3,3,3,0.444,0,SYNTHETIC_DEMO_DATA
PID-00735,UNIT-16,55.9,3,3,0.12,8.7,0,24.2,False,3,3,4,3,3,0.555,0,SYNTHETIC_DEMO_DATA
PID-00736,UNIT-17,54.2,3,2,0.27,3.5,1,18.9,True,2,4,3,3,2,0.574,0,SYNTHETIC_DEMO_DATA
PID-00737,UNIT-39,62.9,3,7,0.18,8.0,2,25.6,False,3,3,3,3,4,0.528,0,SYNTHETIC_DEMO_DATA
PID-00738,UNIT-02,63.3,1,0,0.42,0.0,0,13.9,True,2,3,3,3,3,0.527,0,SYNTHETIC_DEMO_DATA
PID-00739,UNIT-40,30.0,6,10,0.31,8.9,2,30.5,False,2,2,4,3,3,0.415,0,SYNTHETIC_DEMO_DATA
PID-00740,UNIT-29,30.0,7,0,0.27,4.9,5,33.8,True,3,3,3,3,3,0.437,0,SYNTHETIC_DEMO_DATA
PID-00741,UNIT-37,66.0,10,9,0.22,5.0,2,29.9,False,3,2,4,3,2,0.508,1,SYNTHETIC_DEMO_DATA
PID-00742,UNIT-26,68.6,5,0,0.08,0.0,1,21.6,True,3,4,5,3,2,0.345,0,SYNTHETIC_DEMO_DATA
PID-00743,UNIT-38,37.7,8,6,0.41,3.8,2,15.6,False,2,3,3,3,2,0.539,0,SYNTHETIC_DEMO_DATA
PID-00744,UNIT-03,30.0,7,12,0.3,9.1,0,48.2,False,2,3,4,4,3,0.521,0,SYNTHETIC_DEMO_DATA
PID-00745,UNIT-29,53.4,6,22,0.21,3.7,1,10.1,False,3,4,4,3,3,0.399,0,SYNTHETIC_DEMO_DATA
PID-00746,UNIT-29,65.0,7,2,0.32,7.1,1,28.8,False,4,3,3,3,3,0.537,0,SYNTHETIC_DEMO_DATA
PID-00747,UNIT-38,77.2,14,8,0.14,5.1,1,23.3,False,4,3,2,4,4,0.673,0,SYNTHETIC_DEMO_DATA
PID-00748,UNIT-04,59.2,7,4,0.32,8.2,0,19.4,False,3,3,4,4,2,0.544,0,SYNTHETIC_DEMO_DATA
PID-00749,UNIT-21,46.8,5,3,0.49,5.6,0,21.9,False,2,3,4,2,2,0.364,0,SYNTHETIC_DEMO_DATA
PID-00750,UNIT-21,39.5,7,4,0.27,2.2,1,14.9,False,2,4,3,4,3,0.433,0,SYNTHETIC_DEMO_DATA
PID-00751,UNIT-04,52.2,8,13,0.21,5.2,2,24.3,False,3,3,3,2,3,0.46,0,SYNTHETIC_DEMO_DATA
PID-00752,UNIT-25,47.8,5,6,0.23,9.8,4,23.2,False,2,2,3,4,2,0.604,0,SYNTHETIC_DEMO_DATA
PID-00753,UNIT-20,37.8,6,22,0.52,6.5,1,46.8,False,2,4,4,3,3,0.541,0,SYNTHETIC_DEMO_DATA
PID-00754,UNIT-20,80.7,4,11,0.16,4.7,0,30.7,False,3,4,3,3,4,0.48,0,SYNTHETIC_DEMO_DATA
PID-00755,UNIT-28,77.0,6,2,0.22,11.8,1,25.2,True,3,3,3,3,4,0.58,0,SYNTHETIC_DEMO_DATA
PID-00756,UNIT-30,67.9,5,6,0.27,8.5,1,25.8,False,3,3,2,4,2,0.638,1,SYNTHETIC_DEMO_DATA
PID-00757,UNIT-27,39.1,8,4,0.06,7.5,1,38.4,False,3,2,3,2,3,0.439,1,SYNTHETIC_DEMO_DATA
PID-00758,UNIT-16,64.0,2,13,0.23,6.0,0,10.3,False,2,4,4,2,3,0.313,0,SYNTHETIC_DEMO_DATA
PID-00759,UNIT-39,61.0,4,0,0.49,7.2,0,18.2,True,3,2,3,4,3,0.578,1,SYNTHETIC_DEMO_DATA
PID-00760,UNIT-09,58.2,11,0,0.06,7.3,3,0.9,True,3,3,2,4,4,0.675,1,SYNTHETIC_DEMO_DATA
PID-00761,UNIT-14,69.5,6,5,0.15,0.0,3,25.6,False,3,4,3,3,3,0.471,0,SYNTHETIC_DEMO_DATA
PID-00762,UNIT-20,60.9,8,13,0.17,6.2,1,28.5,False,3,3,5,4,4,0.499,0,SYNTHETIC_DEMO_DATA
PID-00763,UNIT-13,62.4,10,16,0.13,4.5,1,10.0,False,3,4,4,3,3,0.43,0,SYNTHETIC_DEMO_DATA
PID-00764,UNIT-14,60.9,4,17,0.13,3.5,2,34.4,False,3,4,3,3,3,0.469,0,SYNTHETIC_DEMO_DATA
PID-00765,UNIT-38,56.8,9,12,0.18,4.4,1,12.8,False,3,3,3,4,3,0.585,0,SYNTHETIC_DEMO_DATA
PID-00766,UNIT-07,30.0,4,8,0.51,0.3,2,16.6,False,2,5,4,2,3,0.321,0,SYNTHETIC_DEMO_DATA
PID-00767,UNIT-21,53.2,3,13,0.11,0.0,2,21.2,False,2,3,3,3,3,0.349,0,SYNTHETIC_DEMO_DATA
PID-00768,UNIT-19,44.2,9,2,0.11,8.7,2,35.9,True,2,2,3,2,3,0.431,0,SYNTHETIC_DEMO_DATA
PID-00769,UNIT-04,34.1,5,0,0.16,6.4,1,11.4,True,3,3,4,2,2,0.322,0,SYNTHETIC_DEMO_DATA
PID-00770,UNIT-09,75.5,6,11,0.62,0.0,4,22.9,False,4,4,4,4,2,0.441,1,SYNTHETIC_DEMO_DATA
PID-00771,UNIT-11,76.2,4,2,0.34,3.3,2,27.7,False,4,3,3,4,2,0.579,1,SYNTHETIC_DEMO_DATA
PID-00772,UNIT-19,71.0,4,8,0.31,7.6,0,25.7,False,4,3,4,3,3,0.477,0,SYNTHETIC_DEMO_DATA
PID-00773,UNIT-17,55.6,4,9,0.49,4.2,2,26.1,False,3,4,3,4,3,0.603,0,SYNTHETIC_DEMO_DATA
PID-00774,UNIT-24,70.9,5,10,0.18,8.7,0,27.6,False,3,4,1,4,3,0.584,0,SYNTHETIC_DEMO_DATA
PID-00775,UNIT-16,52.2,6,14,0.22,8.1,1,14.5,False,3,4,4,3,3,0.439,0,SYNTHETIC_DEMO_DATA
PID-00776,UNIT-32,54.8,6,13,0.04,0.9,1,36.9,False,1,5,4,2,2,0.379,0,SYNTHETIC_DEMO_DATA
PID-00777,UNIT-15,36.7,5,10,0.27,4.6,1,18.9,False,2,4,4,3,4,0.37,0,SYNTHETIC_DEMO_DATA
PID-00778,UNIT-35,57.6,7,6,0.24,3.7,1,17.6,False,3,3,4,2,2,0.405,0,SYNTHETIC_DEMO_DATA
PID-00779,UNIT-40,52.8,15,9,0.43,0.8,1,33.5,False,2,3,3,3,2,0.56,0,SYNTHETIC_DEMO_DATA
PID-00780,UNIT-27,33.8,2,5,0.12,0.6,2,13.7,False,2,4,4,2,1,0.22,0,SYNTHETIC_DEMO_DATA
PID-00781,UNIT-05,51.3,9,7,0.59,2.6,0,23.2,False,3,5,3,2,3,0.434,0,SYNTHETIC_DEMO_DATA
PID-00782,UNIT-36,50.9,3,24,0.63,3.1,1,12.8,False,2,3,3,1,3,0.377,0,SYNTHETIC_DEMO_DATA
PID-00783,UNIT-33,77.2,4,10,0.19,5.8,0,45.2,False,3,3,3,3,2,0.474,0,SYNTHETIC_DEMO_DATA
PID-00784,UNIT-23,64.5,3,11,0.06,8.1,3,43.1,False,3,2,2,2,2,0.551,1,SYNTHETIC_DEMO_DATA
PID-00785,UNIT-14,52.2,5,4,0.22,6.5,0,18.9,False,2,3,3,3,4,0.508,0,SYNTHETIC_DEMO_DATA
PID-00786,UNIT-29,55.5,6,15,0.46,7.3,2,25.2,False,3,3,3,3,2,0.587,0,SYNTHETIC_DEMO_DATA
PID-00787,UNIT-25,52.6,4,13,0.54,4.2,1,20.1,False,3,4,2,2,3,0.48,0,SYNTHETIC_DEMO_DATA
PID-00788,UNIT-31,49.2,6,13,0.48,6.8,0,16.5,False,2,4,2,2,2,0.546,0,SYNTHETIC_DEMO_DATA
PID-00789,UNIT-26,36.8,5,10,0.52,4.6,0,21.2,False,3,4,3,3,3,0.463,0,SYNTHETIC_DEMO_DATA
PID-00790,UNIT-33,49.9,5,15,0.11,3.7,4,19.6,False,2,4,4,2,3,0.291,0,SYNTHETIC_DEMO_DATA
PID-00791,UNIT-39,41.6,6,16,0.08,10.7,2,4.8,False,2,3,3,3,3,0.436,0,SYNTHETIC_DEMO_DATA
PID-00792,UNIT-31,34.5,8,10,0.13,0.0,2,22.6,False,3,3,2,2,2,0.445,0,SYNTHETIC_DEMO_DATA
PID-00793,UNIT-13,59.2,8,8,0.43,0.0,0,19.6,False,3,3,4,3,3,0.47,0,SYNTHETIC_DEMO_DATA
PID-00794,UNIT-37,57.5,6,14,0.46,6.1,3,23.1,False,3,3,2,3,3,0.532,0,SYNTHETIC_DEMO_DATA
PID-00795,UNIT-34,30.0,10,3,0.42,4.2,0,19.2,False,3,4,3,3,5,0.548,0,SYNTHETIC_DEMO_DATA
PID-00796,UNIT-19,50.3,5,4,0.27,0.7,1,16.4,False,3,4,3,4,2,0.493,0,SYNTHETIC_DEMO_DATA
PID-00797,UNIT-03,65.9,5,8,0.07,1.8,0,28.7,False,2,3,5,3,1,0.39,0,SYNTHETIC_DEMO_DATA
PID-00798,UNIT-39,66.8,5,0,0.16,2.2,1,25.3,True,3,4,4,3,3,0.47,0,SYNTHETIC_DEMO_DATA
PID-00799,UNIT-22,66.4,6,13,0.41,7.7,2,34.0,False,3,2,3,3,3,0.453,0,SYNTHETIC_DEMO_DATA
PID-00800,UNIT-17,52.5,8,3,0.14,8.6,2,24.9,False,2,3,3,3,4,0.508,0,SYNTHETIC_DEMO_DATA
PID-00801,UNIT-25,40.2,3,6,0.2,9.9,0,18.0,False,3,3,4,3,2,0.546,0,SYNTHETIC_DEMO_DATA
PID-00802,UNIT-03,36.8,8,7,0.39,0.2,1,26.2,False,1,3,3,3,2,0.389,0,SYNTHETIC_DEMO_DATA
PID-00803,UNIT-34,56.8,5,9,0.33,0.9,2,0.2,False,2,4,4,3,3,0.456,0,SYNTHETIC_DEMO_DATA
PID-00804,UNIT-08,57.3,1,6,0.33,0.7,0,41.0,False,1,3,3,2,2,0.323,0,SYNTHETIC_DEMO_DATA
PID-00805,UNIT-11,70.0,5,8,0.33,8.9,2,22.7,False,3,3,3,3,3,0.491,0,SYNTHETIC_DEMO_DATA
PID-00806,UNIT-23,67.4,7,8,0.32,6.3,0,41.8,False,4,3,3,3,2,0.43,0,SYNTHETIC_DEMO_DATA
PID-00807,UNIT-27,50.1,5,6,0.41,5.2,0,11.3,False,3,3,3,2,3,0.461,0,SYNTHETIC_DEMO_DATA
PID-00808,UNIT-01,34.6,10,4,0.15,5.7,1,8.8,False,3,4,2,3,3,0.457,0,SYNTHETIC_DEMO_DATA
PID-00809,UNIT-24,47.5,7,15,0.25,4.8,1,23.7,False,2,4,3,2,2,0.452,0,SYNTHETIC_DEMO_DATA
PID-00810,UNIT-07,55.0,10,0,0.14,1.6,1,23.6,False,2,3,3,4,2,0.51,0,SYNTHETIC_DEMO_DATA
PID-00811,UNIT-39,49.2,6,7,0.05,6.5,0,23.4,False,3,3,4,4,3,0.48,0,SYNTHETIC_DEMO_DATA
PID-00812,UNIT-15,43.9,9,6,0.26,4.4,3,21.9,False,3,3,3,3,2,0.509,0,SYNTHETIC_DEMO_DATA
PID-00813,UNIT-20,55.5,4,11,0.88,1.4,1,13.7,False,2,4,2,3,3,0.448,1,SYNTHETIC_DEMO_DATA
PID-00814,UNIT-25,44.9,6,0,0.27,6.7,2,5.1,False,3,4,2,4,3,0.613,0,SYNTHETIC_DEMO_DATA
PID-00815,UNIT-07,43.2,5,6,0.18,3.7,0,22.8,False,2,5,4,2,2,0.354,0,SYNTHETIC_DEMO_DATA
PID-00816,UNIT-07,56.4,6,8,0.16,5.7,0,7.2,False,4,4,3,2,4,0.462,0,SYNTHETIC_DEMO_DATA
PID-00817,UNIT-39,46.4,9,15,0.58,4.6,0,6.2,False,2,3,5,4,3,0.397,0,SYNTHETIC_DEMO_DATA
PID-00818,UNIT-23,55.4,7,10,0.21,7.7,1,16.2,False,3,3,3,3,3,0.447,0,SYNTHETIC_DEMO_DATA
PID-00819,UNIT-10,55.8,4,1,0.45,5.7,1,24.3,True,3,3,3,3,2,0.542,1,SYNTHETIC_DEMO_DATA
PID-00820,UNIT-27,36.0,5,6,0.21,2.3,0,39.9,False,3,3,4,3,3,0.45,0,SYNTHETIC_DEMO_DATA
PID-00821,UNIT-36,45.3,6,14,0.08,6.0,0,29.8,False,2,4,4,3,2,0.359,0,SYNTHETIC_DEMO_DATA
PID-00822,UNIT-31,72.1,3,1,0.41,6.1,0,34.3,False,4,3,4,3,3,0.42,0,SYNTHETIC_DEMO_DATA
PID-00823,UNIT-17,35.7,3,8,0.13,6.5,1,26.5,False,2,3,4,2,2,0.323,0,SYNTHETIC_DEMO_DATA
PID-00824,UNIT-27,30.0,10,8,0.09,8.1,4,23.7,False,3,4,2,3,4,0.474,0,SYNTHETIC_DEMO_DATA
PID-00825,UNIT-36,30.0,2,6,0.29,3.2,1,45.1,False,1,3,4,3,2,0.403,0,SYNTHETIC_DEMO_DATA
PID-00826,UNIT-11,52.4,2,25,0.28,7.0,1,6.8,False,2,3,4,3,2,0.34,0,SYNTHETIC_DEMO_DATA
PID-00827,UNIT-32,52.4,11,6,0.28,0.0,2,15.9,False,4,4,3,3,4,0.519,0,SYNTHETIC_DEMO_DATA
PID-00828,UNIT-40,50.4,12,11,0.32,4.6,0,16.6,False,3,4,4,4,3,0.5,0,SYNTHETIC_DEMO_DATA
PID-00829,UNIT-14,69.0,5,4,0.21,4.2,0,28.9,False,3,3,4,3,3,0.497,0,SYNTHETIC_DEMO_DATA
PID-00830,UNIT-36,30.0,9,12,0.35,9.3,0,10.2,False,2,5,4,3,3,0.298,0,SYNTHETIC_DEMO_DATA
PID-00831,UNIT-01,57.5,11,14,0.16,4.5,1,27.6,False,2,3,3,3,4,0.38,0,SYNTHETIC_DEMO_DATA
PID-00832,UNIT-15,73.9,7,5,0.4,6.8,2,25.8,False,4,1,2,4,3,0.712,1,SYNTHETIC_DEMO_DATA
PID-00833,UNIT-12,36.2,5,8,0.51,0.0,3,28.1,False,3,4,4,3,2,0.376,0,SYNTHETIC_DEMO_DATA
PID-00834,UNIT-02,46.7,7,3,0.26,3.9,1,28.0,False,3,2,4,3,3,0.359,0,SYNTHETIC_DEMO_DATA
PID-00835,UNIT-25,41.5,4,2,0.43,2.5,3,35.4,False,3,3,2,3,3,0.512,0,SYNTHETIC_DEMO_DATA
PID-00836,UNIT-22,39.5,9,15,0.25,12.0,2,19.5,False,3,3,4,3,3,0.467,0,SYNTHETIC_DEMO_DATA
PID-00837,UNIT-16,47.4,1,5,0.34,3.0,2,25.3,False,3,3,3,2,2,0.395,0,SYNTHETIC_DEMO_DATA
PID-00838,UNIT-35,72.0,9,0,0.38,5.2,0,12.6,True,3,3,2,2,4,0.535,0,SYNTHETIC_DEMO_DATA
PID-00839,UNIT-10,77.7,8,19,0.09,5.4,2,10.4,False,3,2,4,3,3,0.466,0,SYNTHETIC_DEMO_DATA
PID-00840,UNIT-33,47.3,3,4,0.48,0.2,1,37.6,False,2,4,4,2,2,0.368,0,SYNTHETIC_DEMO_DATA
PID-00841,UNIT-26,78.7,4,7,0.37,3.4,3,11.9,False,4,2,3,3,2,0.597,0,SYNTHETIC_DEMO_DATA
PID-00842,UNIT-36,52.5,5,18,0.1,6.2,0,26.4,False,3,4,3,3,3,0.43,0,SYNTHETIC_DEMO_DATA
PID-00843,UNIT-01,76.6,6,8,0.12,5.3,1,25.3,False,3,3,4,3,3,0.46,0,SYNTHETIC_DEMO_DATA
PID-00844,UNIT-39,50.7,3,8,0.23,0.0,1,31.7,False,3,5,3,3,3,0.469,0,SYNTHETIC_DEMO_DATA
PID-00845,UNIT-01,53.8,7,1,0.2,3.3,2,3.4,True,3,3,4,4,2,0.538,0,SYNTHETIC_DEMO_DATA
PID-00846,UNIT-29,57.1,8,0,0.43,8.1,1,28.9,True,3,4,2,4,3,0.592,1,SYNTHETIC_DEMO_DATA
PID-00847,UNIT-31,96.0,5,8,0.27,6.8,1,19.4,False,4,2,3,5,3,0.665,1,SYNTHETIC_DEMO_DATA
PID-00848,UNIT-07,63.9,3,11,0.25,8.7,3,14.0,False,3,2,3,3,3,0.54,1,SYNTHETIC_DEMO_DATA
PID-00849,UNIT-02,42.1,6,10,0.12,2.0,0,17.5,False,2,4,4,3,3,0.343,0,SYNTHETIC_DEMO_DATA
PID-00850,UNIT-02,65.6,7,6,0.1,8.8,1,30.4,False,3,4,4,3,3,0.446,1,SYNTHETIC_DEMO_DATA
PID-00851,UNIT-06,46.9,10,9,0.13,4.9,2,27.3,False,4,4,3,3,3,0.401,0,SYNTHETIC_DEMO_DATA
PID-00852,UNIT-07,45.1,7,0,0.16,9.8,2,18.7,True,3,4,4,4,3,0.392,0,SYNTHETIC_DEMO_DATA
PID-00853,UNIT-39,64.7,3,11,0.15,5.0,2,8.6,False,3,4,3,2,2,0.4,0,SYNTHETIC_DEMO_DATA
PID-00854,UNIT-09,52.4,4,9,0.28,0.0,3,9.3,False,3,3,3,1,2,0.342,0,SYNTHETIC_DEMO_DATA
PID-00855,UNIT-33,55.9,4,20,0.27,7.5,0,27.5,False,3,4,3,2,3,0.335,0,SYNTHETIC_DEMO_DATA
PID-00856,UNIT-03,52.2,10,9,0.55,3.7,1,7.2,False,4,3,3,2,3,0.502,1,SYNTHETIC_DEMO_DATA
PID-00857,UNIT-27,56.7,3,3,0.02,3.9,0,18.8,False,2,3,5,2,3,0.257,1,SYNTHETIC_DEMO_DATA
PID-00858,UNIT-19,57.9,7,8,0.03,0.6,1,46.8,False,3,4,5,2,3,0.345,0,SYNTHETIC_DEMO_DATA
PID-00859,UNIT-22,30.0,5,7,0.15,9.9,2,24.6,False,3,3,3,3,3,0.491,0,SYNTHETIC_DEMO_DATA
PID-00860,UNIT-32,61.3,6,11,0.15,3.4,1,27.4,False,2,4,4,2,3,0.47,0,SYNTHETIC_DEMO_DATA
PID-00861,UNIT-09,38.3,13,9,0.58,9.7,0,9.4,False,4,3,4,4,3,0.556,1,SYNTHETIC_DEMO_DATA
PID-00862,UNIT-01,31.8,9,1,0.31,3.7,1,7.7,True,3,3,4,2,3,0.289,0,SYNTHETIC_DEMO_DATA
PID-00863,UNIT-09,51.2,5,0,0.2,2.2,1,28.0,True,2,3,3,3,3,0.519,1,SYNTHETIC_DEMO_DATA
PID-00864,UNIT-33,53.2,7,10,0.27,9.0,1,17.2,False,4,4,3,3,2,0.581,0,SYNTHETIC_DEMO_DATA
PID-00865,UNIT-24,42.3,3,17,0.43,4.8,1,31.7,False,2,3,3,3,3,0.349,0,SYNTHETIC_DEMO_DATA
PID-00866,UNIT-38,63.6,8,9,0.24,4.8,1,21.4,False,3,4,3,3,3,0.522,0,SYNTHETIC_DEMO_DATA
PID-00867,UNIT-34,33.2,5,13,0.42,1.2,2,55.6,False,2,3,3,3,2,0.469,0,SYNTHETIC_DEMO_DATA
PID-00868,UNIT-07,46.3,5,15,0.22,3.6,2,15.3,False,3,4,4,2,2,0.331,0,SYNTHETIC_DEMO_DATA
PID-00869,UNIT-03,43.8,9,10,0.32,6.3,2,23.9,False,3,3,3,3,3,0.363,0,SYNTHETIC_DEMO_DATA
PID-00870,UNIT-01,51.3,4,4,0.36,1.1,4,12.1,False,3,4,3,3,2,0.474,0,SYNTHETIC_DEMO_DATA
PID-00871,UNIT-08,55.9,2,10,0.31,3.4,0,31.3,False,3,4,4,3,3,0.378,0,SYNTHETIC_DEMO_DATA
PID-00872,UNIT-20,37.9,5,16,0.04,3.7,2,25.4,False,2,4,4,3,3,0.45,0,SYNTHETIC_DEMO_DATA
PID-00873,UNIT-01,62.1,9,12,0.3,5.2,0,11.4,False,4,3,4,3,2,0.435,0,SYNTHETIC_DEMO_DATA
PID-00874,UNIT-35,52.9,11,13,0.13,9.4,0,17.8,False,2,4,4,3,2,0.421,1,SYNTHETIC_DEMO_DATA
PID-00875,UNIT-20,30.0,4,6,0.14,4.1,0,34.7,False,1,3,4,2,3,0.284,0,SYNTHETIC_DEMO_DATA
PID-00876,UNIT-30,30.0,5,7,0.19,2.9,1,33.5,False,3,2,3,3,3,0.436,0,SYNTHETIC_DEMO_DATA
PID-00877,UNIT-35,51.8,6,8,0.22,12.0,2,6.9,False,2,2,3,4,3,0.585,0,SYNTHETIC_DEMO_DATA
PID-00878,UNIT-02,48.9,8,8,0.37,3.7,1,16.3,False,4,2,4,3,2,0.393,0,SYNTHETIC_DEMO_DATA
PID-00879,UNIT-18,50.6,5,16,0.09,4.4,1,39.2,False,2,4,4,2,3,0.344,0,SYNTHETIC_DEMO_DATA
PID-00880,UNIT-27,51.6,5,0,0.49,3.9,0,19.3,True,2,4,2,3,2,0.502,0,SYNTHETIC_DEMO_DATA
PID-00881,UNIT-40,55.2,10,9,0.28,4.2,2,22.8,False,2,2,3,3,3,0.361,0,SYNTHETIC_DEMO_DATA
PID-00882,UNIT-33,65.3,4,8,0.36,5.2,1,31.3,False,2,3,3,2,2,0.47,0,SYNTHETIC_DEMO_DATA
PID-00883,UNIT-09,36.4,5,0,0.08,7.8,0,7.7,True,3,3,4,3,2,0.447,0,SYNTHETIC_DEMO_DATA
PID-00884,UNIT-11,35.6,5,13,0.09,6.2,0,11.6,False,1,5,3,3,2,0.426,0,SYNTHETIC_DEMO_DATA
PID-00885,UNIT-32,36.7,8,4,0.26,8.2,3,17.8,False,3,3,3,3,3,0.481,0,SYNTHETIC_DEMO_DATA
PID-00886,UNIT-27,56.0,9,6,0.8,8.1,3,33.0,False,3,3,3,3,4,0.567,1,SYNTHETIC_DEMO_DATA
PID-00887,UNIT-10,69.4,4,20,0.48,5.6,2,31.2,False,3,3,3,4,3,0.595,0,SYNTHETIC_DEMO_DATA
PID-00888,UNIT-20,46.0,4,15,0.65,6.1,1,28.2,False,3,5,3,3,3,0.445,0,SYNTHETIC_DEMO_DATA
PID-00889,UNIT-38,30.0,6,12,0.3,8.3,2,19.6,False,3,3,3,1,2,0.384,0,SYNTHETIC_DEMO_DATA
PID-00890,UNIT-09,30.0,7,11,0.05,1.7,1,32.3,False,3,4,4,2,2,0.222,0,SYNTHETIC_DEMO_DATA
PID-00891,UNIT-14,40.3,9,8,0.15,12.0,2,19.5,False,3,3,4,3,3,0.475,0,SYNTHETIC_DEMO_DATA
PID-00892,UNIT-37,44.2,5,20,0.15,3.5,0,26.8,False,2,4,5,2,3,0.261,0,SYNTHETIC_DEMO_DATA
PID-00893,UNIT-27,46.3,5,13,0.22,3.9,3,30.1,False,2,4,3,3,3,0.508,0,SYNTHETIC_DEMO_DATA
PID-00894,UNIT-09,52.5,2,4,0.37,1.4,1,38.0,False,3,3,3,3,3,0.413,0,SYNTHETIC_DEMO_DATA
PID-00895,UNIT-12,47.6,2,0,0.17,1.5,2,20.4,False,2,2,2,3,3,0.456,0,SYNTHETIC_DEMO_DATA
PID-00896,UNIT-34,66.7,9,12,0.2,7.9,0,17.4,False,3,3,3,2,1,0.367,0,SYNTHETIC_DEMO_DATA
PID-00897,UNIT-12,42.5,4,8,0.49,11.8,1,34.0,False,3,3,3,3,3,0.484,1,SYNTHETIC_DEMO_DATA
PID-00898,UNIT-29,39.9,7,0,0.45,3.3,0,34.7,True,3,3,4,3,4,0.442,0,SYNTHETIC_DEMO_DATA
PID-00899,UNIT-20,58.7,4,11,0.34,6.0,0,15.6,False,3,3,2,3,3,0.422,0,SYNTHETIC_DEMO_DATA
PID-00900,UNIT-09,30.5,6,7,0.42,5.7,1,9.9,False,3,3,3,3,1,0.435,0,SYNTHETIC_DEMO_DATA
PID-00901,UNIT-15,57.5,5,12,0.3,8.0,3,33.2,False,3,4,3,2,3,0.48,0,SYNTHETIC_DEMO_DATA
PID-00902,UNIT-29,53.4,6,11,0.56,11.7,1,4.6,False,3,3,2,3,3,0.566,1,SYNTHETIC_DEMO_DATA
PID-00903,UNIT-33,49.9,4,5,0.2,9.6,1,4.1,False,3,3,3,3,2,0.499,0,SYNTHETIC_DEMO_DATA
PID-00904,UNIT-02,74.2,6,12,0.34,4.3,0,18.3,False,2,3,4,3,3,0.373,0,SYNTHETIC_DEMO_DATA
PID-00905,UNIT-37,43.3,8,6,0.32,6.6,0,21.0,False,3,2,3,3,2,0.467,0,SYNTHETIC_DEMO_DATA
PID-00906,UNIT-10,80.8,3,6,0.29,6.9,1,9.4,False,3,2,3,3,3,0.53,1,SYNTHETIC_DEMO_DATA
PID-00907,UNIT-26,48.8,6,5,0.28,4.9,0,22.2,False,3,3,3,3,3,0.458,0,SYNTHETIC_DEMO_DATA
PID-00908,UNIT-12,34.1,9,15,0.47,1.7,1,22.7,False,2,4,4,3,2,0.397,0,SYNTHETIC_DEMO_DATA
PID-00909,UNIT-11,53.0,3,7,0.19,2.6,1,15.2,False,3,4,4,3,3,0.393,0,SYNTHETIC_DEMO_DATA
PID-00910,UNIT-36,36.9,5,17,0.19,8.4,1,40.3,False,3,3,3,3,2,0.417,0,SYNTHETIC_DEMO_DATA
PID-00911,UNIT-29,41.5,5,19,0.45,8.8,0,24.3,False,3,4,3,4,3,0.461,0,SYNTHETIC_DEMO_DATA
PID-00912,UNIT-37,57.6,10,4,0.35,4.4,2,31.3,False,3,4,3,3,4,0.562,0,SYNTHETIC_DEMO_DATA
PID-00913,UNIT-01,59.8,7,0,0.42,5.8,1,5.4,True,4,3,4,2,3,0.362,1,SYNTHETIC_DEMO_DATA
PID-00914,UNIT-11,43.3,1,15,0.13,8.6,0,5.4,False,2,4,3,3,2,0.439,0,SYNTHETIC_DEMO_DATA
PID-00915,UNIT-02,65.8,4,6,0.1,0.0,1,24.6,False,2,3,3,3,3,0.541,0,SYNTHETIC_DEMO_DATA
PID-00916,UNIT-19,68.2,5,3,0.37,3.7,2,38.5,False,3,3,3,2,3,0.512,1,SYNTHETIC_DEMO_DATA
PID-00917,UNIT-19,72.1,5,5,0.14,11.1,2,9.9,False,3,3,4,3,4,0.533,1,SYNTHETIC_DEMO_DATA
PID-00918,UNIT-40,59.4,7,6,0.27,5.9,2,21.4,False,2,4,2,3,4,0.56,0,SYNTHETIC_DEMO_DATA
PID-00919,UNIT-10,71.1,3,16,0.47,1.6,2,7.6,False,3,4,4,3,2,0.433,0,SYNTHETIC_DEMO_DATA
PID-00920,UNIT-27,30.0,7,9,0.27,5.4,3,12.8,False,3,4,3,2,4,0.356,0,SYNTHETIC_DEMO_DATA
PID-00921,UNIT-40,47.5,8,16,0.17,8.1,0,21.9,False,3,3,4,3,3,0.399,0,SYNTHETIC_DEMO_DATA
PID-00922,UNIT-03,39.9,7,11,0.27,0.0,1,15.1,False,3,3,4,3,2,0.406,0,SYNTHETIC_DEMO_DATA
PID-00923,UNIT-18,53.7,3,7,0.54,5.5,2,6.9,False,2,3,3,3,3,0.523,0,SYNTHETIC_DEMO_DATA
PID-00924,UNIT-16,44.0,6,6,0.29,3.9,0,6.7,False,4,4,3,2,3,0.429,0,SYNTHETIC_DEMO_DATA
PID-00925,UNIT-02,49.7,10,12,0.03,0.1,2,1.1,False,2,5,5,3,2,0.411,0,SYNTHETIC_DEMO_DATA
PID-00926,UNIT-17,78.4,10,13,0.21,5.2,0,24.8,False,3,2,4,2,2,0.391,0,SYNTHETIC_DEMO_DATA
PID-00927,UNIT-11,49.6,10,14,0.27,4.6,0,26.0,False,3,5,3,2,3,0.401,0,SYNTHETIC_DEMO_DATA
PID-00928,UNIT-13,57.8,5,7,0.42,4.9,2,25.9,False,2,3,4,4,2,0.428,0,SYNTHETIC_DEMO_DATA
PID-00929,UNIT-09,48.7,3,10,0.33,4.0,2,10.9,False,2,4,3,2,2,0.516,0,SYNTHETIC_DEMO_DATA
PID-00930,UNIT-21,53.1,6,12,0.35,1.9,0,30.1,False,2,3,4,2,2,0.321,0,SYNTHETIC_DEMO_DATA
PID-00931,UNIT-16,52.1,6,6,0.32,0.6,0,27.1,False,3,3,4,2,2,0.377,0,SYNTHETIC_DEMO_DATA
PID-00932,UNIT-30,58.3,5,2,0.12,2.9,0,20.1,False,2,4,3,2,3,0.38,0,SYNTHETIC_DEMO_DATA
PID-00933,UNIT-15,68.3,5,4,0.12,7.6,3,18.4,False,3,2,4,3,3,0.468,0,SYNTHETIC_DEMO_DATA
PID-00934,UNIT-28,75.1,9,7,0.24,5.7,3,13.5,False,3,1,3,4,4,0.589,1,SYNTHETIC_DEMO_DATA
PID-00935,UNIT-22,56.3,9,12,0.06,4.8,0,21.9,False,3,4,4,3,2,0.348,0,SYNTHETIC_DEMO_DATA
PID-00936,UNIT-15,60.3,9,16,0.3,1.9,2,36.2,False,3,3,4,3,2,0.302,1,SYNTHETIC_DEMO_DATA
PID-00937,UNIT-33,35.9,5,0,0.17,3.9,1,31.4,True,2,4,4,2,2,0.409,0,SYNTHETIC_DEMO_DATA
PID-00938,UNIT-30,50.8,5,5,0.08,7.2,1,17.4,False,2,3,3,2,3,0.443,0,SYNTHETIC_DEMO_DATA
PID-00939,UNIT-22,65.2,6,6,0.4,6.5,2,25.4,False,3,3,3,2,3,0.422,1,SYNTHETIC_DEMO_DATA
PID-00940,UNIT-22,64.1,6,13,0.11,3.6,1,9.0,False,3,4,3,3,3,0.481,0,SYNTHETIC_DEMO_DATA
PID-00941,UNIT-31,55.0,4,5,0.37,0.0,1,27.3,False,2,4,3,3,3,0.497,0,SYNTHETIC_DEMO_DATA
PID-00942,UNIT-31,64.4,6,6,0.56,3.0,2,11.7,False,2,3,4,3,4,0.442,0,SYNTHETIC_DEMO_DATA
PID-00943,UNIT-29,58.9,6,0,0.14,3.6,2,26.9,False,3,4,4,3,3,0.475,0,SYNTHETIC_DEMO_DATA
PID-00944,UNIT-05,68.8,7,11,0.17,2.3,1,49.7,False,3,3,3,3,2,0.52,0,SYNTHETIC_DEMO_DATA
PID-00945,UNIT-10,56.1,8,8,0.13,3.8,2,14.3,False,3,3,3,3,2,0.404,0,SYNTHETIC_DEMO_DATA
PID-00946,UNIT-17,47.0,9,5,0.43,7.4,2,49.2,False,4,3,3,4,3,0.604,0,SYNTHETIC_DEMO_DATA
PID-00947,UNIT-24,56.7,3,7,0.29,4.9,3,24.9,False,3,4,4,2,2,0.414,0,SYNTHETIC_DEMO_DATA
PID-00948,UNIT-16,30.0,4,15,0.17,8.0,4,12.5,False,3,4,3,3,3,0.551,0,SYNTHETIC_DEMO_DATA
PID-00949,UNIT-34,57.4,5,2,0.46,0.5,0,12.0,False,2,3,3,2,3,0.437,0,SYNTHETIC_DEMO_DATA
PID-00950,UNIT-15,30.0,6,3,0.22,4.1,2,43.6,False,2,2,4,3,3,0.391,0,SYNTHETIC_DEMO_DATA
PID-00951,UNIT-22,30.0,9,16,0.13,0.0,1,24.9,False,2,4,4,1,1,0.209,0,SYNTHETIC_DEMO_DATA
PID-00952,UNIT-28,58.3,7,9,0.23,3.7,0,14.3,False,2,4,4,4,3,0.583,0,SYNTHETIC_DEMO_DATA
PID-00953,UNIT-16,58.7,6,13,0.2,1.9,1,18.0,False,3,4,3,3,3,0.428,0,SYNTHETIC_DEMO_DATA
PID-00954,UNIT-23,35.7,5,11,0.07,8.8,1,24.3,False,3,4,5,4,2,0.455,0,SYNTHETIC_DEMO_DATA
PID-00955,UNIT-30,42.0,5,8,0.05,6.2,2,19.9,False,2,3,4,3,2,0.404,0,SYNTHETIC_DEMO_DATA
PID-00956,UNIT-16,71.2,9,6,0.07,8.0,2,23.5,False,4,3,3,3,3,0.583,1,SYNTHETIC_DEMO_DATA
PID-00957,UNIT-39,45.2,6,13,0.08,3.7,0,37.7,False,2,3,4,3,2,0.434,0,SYNTHETIC_DEMO_DATA
PID-00958,UNIT-22,83.4,8,15,0.32,1.9,1,8.7,False,3,4,4,4,3,0.512,0,SYNTHETIC_DEMO_DATA
PID-00959,UNIT-32,52.0,3,15,0.15,1.8,1,26.4,False,3,4,4,2,3,0.299,0,SYNTHETIC_DEMO_DATA
PID-00960,UNIT-29,57.7,8,1,0.15,5.8,1,19.3,False,2,3,4,2,3,0.378,0,SYNTHETIC_DEMO_DATA
PID-00961,UNIT-33,74.6,6,16,0.11,10.4,0,15.0,False,4,3,3,2,3,0.354,0,SYNTHETIC_DEMO_DATA
PID-00962,UNIT-28,53.8,4,6,0.3,6.2,0,30.7,False,3,2,4,3,3,0.44,0,SYNTHETIC_DEMO_DATA
PID-00963,UNIT-22,38.0,4,4,0.34,3.9,1,5.4,False,3,4,4,4,2,0.478,0,SYNTHETIC_DEMO_DATA
PID-00964,UNIT-31,50.5,3,7,0.38,4.4,1,0.0,False,2,3,4,2,2,0.329,0,SYNTHETIC_DEMO_DATA
PID-00965,UNIT-19,51.5,6,13,0.43,4.9,0,22.2,False,3,4,3,3,2,0.369,0,SYNTHETIC_DEMO_DATA
PID-00966,UNIT-35,32.9,4,12,0.5,11.1,2,18.6,False,2,3,3,3,3,0.504,0,SYNTHETIC_DEMO_DATA
PID-00967,UNIT-21,48.4,6,7,0.1,8.7,0,6.5,False,4,4,3,4,3,0.547,0,SYNTHETIC_DEMO_DATA
PID-00968,UNIT-30,41.6,6,14,0.53,5.8,0,2.9,False,2,3,5,4,3,0.456,0,SYNTHETIC_DEMO_DATA
PID-00969,UNIT-09,64.9,9,9,0.14,5.3,1,39.3,False,3,2,3,3,2,0.441,0,SYNTHETIC_DEMO_DATA
PID-00970,UNIT-08,52.5,9,5,0.32,5.9,1,24.6,False,3,3,3,4,3,0.578,0,SYNTHETIC_DEMO_DATA
PID-00971,UNIT-23,48.0,6,4,0.25,6.5,0,20.2,False,3,3,3,3,4,0.465,0,SYNTHETIC_DEMO_DATA
PID-00972,UNIT-34,50.5,4,11,0.04,3.8,1,42.0,False,2,4,4,2,3,0.376,0,SYNTHETIC_DEMO_DATA
PID-00973,UNIT-30,55.1,4,8,0.56,2.5,1,30.2,False,2,3,4,3,3,0.39,1,SYNTHETIC_DEMO_DATA
PID-00974,UNIT-14,60.6,6,0,0.56,8.1,1,37.7,True,2,2,2,3,5,0.644,1,SYNTHETIC_DEMO_DATA
PID-00975,UNIT-35,38.0,7,14,0.22,5.1,1,8.2,False,4,3,3,2,4,0.451,0,SYNTHETIC_DEMO_DATA
PID-00976,UNIT-27,37.4,6,6,0.66,7.8,0,7.8,False,3,2,3,3,3,0.498,0,SYNTHETIC_DEMO_DATA
PID-00977,UNIT-23,67.5,7,18,0.26,9.9,1,26.2,False,1,2,4,3,3,0.485,1,SYNTHETIC_DEMO_DATA
PID-00978,UNIT-40,46.2,3,0,0.36,6.6,0,24.1,False,3,3,4,4,3,0.542,0,SYNTHETIC_DEMO_DATA
PID-00979,UNIT-32,32.2,7,7,0.33,6.1,0,32.5,False,3,3,5,3,2,0.317,0,SYNTHETIC_DEMO_DATA
PID-00980,UNIT-12,58.2,13,4,0.44,12.0,1,3.7,False,3,3,3,2,4,0.482,1,SYNTHETIC_DEMO_DATA
PID-00981,UNIT-03,58.5,6,3,0.44,5.6,3,27.0,False,3,2,3,2,3,0.481,1,SYNTHETIC_DEMO_DATA
PID-00982,UNIT-11,30.6,4,6,0.51,1.7,3,29.9,False,3,4,4,3,3,0.518,0,SYNTHETIC_DEMO_DATA
PID-00983,UNIT-08,55.2,7,19,0.2,4.2,3,29.4,False,3,5,3,3,2,0.403,0,SYNTHETIC_DEMO_DATA
PID-00984,UNIT-08,62.3,6,9,0.22,9.7,4,15.9,False,3,3,2,3,3,0.663,1,SYNTHETIC_DEMO_DATA
PID-00985,UNIT-21,57.2,9,4,0.77,1.1,1,25.2,False,4,3,3,3,2,0.502,0,SYNTHETIC_DEMO_DATA
PID-00986,UNIT-40,60.8,2,0,0.53,2.7,1,12.2,False,4,3,3,3,4,0.5,0,SYNTHETIC_DEMO_DATA
PID-00987,UNIT-26,32.3,5,0,0.75,8.3,0,17.1,False,3,3,3,3,4,0.567,0,SYNTHETIC_DEMO_DATA
PID-00988,UNIT-18,56.6,10,5,0.04,4.2,4,9.6,False,2,3,3,3,3,0.606,0,SYNTHETIC_DEMO_DATA
PID-00989,UNIT-10,47.8,11,5,0.24,4.7,0,12.4,False,3,3,4,3,3,0.453,0,SYNTHETIC_DEMO_DATA
PID-00990,UNIT-32,45.2,4,7,0.2,8.2,1,17.6,False,3,4,4,3,1,0.493,0,SYNTHETIC_DEMO_DATA
PID-00991,UNIT-22,64.2,7,0,0.54,2.8,1,15.1,False,3,2,3,3,3,0.475,0,SYNTHETIC_DEMO_DATA
PID-00992,UNIT-02,72.7,5,8,0.35,0.6,0,12.4,False,3,4,3,3,3,0.444,0,SYNTHETIC_DEMO_DATA
PID-00993,UNIT-19,77.1,6,15,0.32,0.8,2,7.0,False,3,3,4,2,2,0.315,0,SYNTHETIC_DEMO_DATA
PID-00994,UNIT-08,70.4,4,18,0.28,6.7,2,39.6,False,3,3,3,3,2,0.467,1,SYNTHETIC_DEMO_DATA
PID-00995,UNIT-20,50.5,6,0,0.28,5.8,2,15.0,True,3,3,3,4,2,0.595,1,SYNTHETIC_DEMO_DATA
PID-00996,UNIT-03,56.9,5,4,0.13,2.9,1,23.3,False,3,4,4,2,3,0.375,0,SYNTHETIC_DEMO_DATA
PID-00997,UNIT-09,62.7,6,3,0.16,1.5,0,2.4,False,4,4,3,3,3,0.548,0,SYNTHETIC_DEMO_DATA
PID-00998,UNIT-33,53.7,8,9,0.3,4.2,1,33.6,False,2,3,3,3,3,0.577,0,SYNTHETIC_DEMO_DATA
PID-00999,UNIT-07,53.8,11,1,0.37,8.3,1,21.7,True,3,3,3,3,4,0.527,0,SYNTHETIC_DEMO_DATA
PID-01000,UNIT-05,63.5,4,19,0.2,2.5,2,15.6,False,4,3,4,3,3,0.373,0,SYNTHETIC_DEMO_DATA
PID-01001,UNIT-09,51.2,5,9,0.65,3.0,2,15.6,False,2,5,4,3,3,0.51,0,SYNTHETIC_DEMO_DATA
PID-01002,UNIT-37,41.8,5,8,0.29,1.4,3,28.7,False,3,3,4,2,4,0.416,0,SYNTHETIC_DEMO_DATA
PID-01003,UNIT-38,46.2,8,18,0.05,3.9,2,0.0,False,3,4,4,3,1,0.413,0,SYNTHETIC_DEMO_DATA
PID-01004,UNIT-27,60.9,6,8,0.47,6.0,3,11.8,False,2,3,4,3,2,0.523,0,SYNTHETIC_DEMO_DATA
PID-01005,UNIT-32,52.0,8,11,0.43,11.3,2,18.8,False,4,4,3,4,3,0.619,0,SYNTHETIC_DEMO_DATA
PID-01006,UNIT-37,56.8,5,4,0.39,5.7,2,18.7,False,3,3,2,3,3,0.501,0,SYNTHETIC_DEMO_DATA
PID-01007,UNIT-12,61.4,8,0,0.27,4.8,1,45.1,False,3,3,4,3,3,0.411,0,SYNTHETIC_DEMO_DATA
PID-01008,UNIT-17,46.8,7,5,0.27,7.6,1,16.6,False,3,4,3,3,2,0.488,1,SYNTHETIC_DEMO_DATA
PID-01009,UNIT-02,62.6,6,22,0.2,7.1,1,29.9,False,3,4,3,2,2,0.392,0,SYNTHETIC_DEMO_DATA
PID-01010,UNIT-22,57.3,7,12,0.54,3.3,2,38.1,False,3,4,2,3,2,0.546,0,SYNTHETIC_DEMO_DATA
PID-01011,UNIT-38,34.7,9,10,0.18,11.9,2,26.7,False,3,4,5,3,2,0.408,0,SYNTHETIC_DEMO_DATA
PID-01012,UNIT-02,72.2,7,3,0.32,4.9,4,13.3,False,3,3,3,3,4,0.468,0,SYNTHETIC_DEMO_DATA
PID-01013,UNIT-29,45.0,6,14,0.34,5.7,0,7.2,False,2,3,3,2,2,0.281,0,SYNTHETIC_DEMO_DATA
PID-01014,UNIT-19,30.0,6,0,0.27,6.7,0,27.5,False,2,3,3,4,4,0.556,0,SYNTHETIC_DEMO_DATA
PID-01015,UNIT-39,37.4,3,0,0.33,6.0,1,36.5,True,2,4,3,3,2,0.44,0,SYNTHETIC_DEMO_DATA
PID-01016,UNIT-24,37.7,9,5,0.54,9.6,1,25.5,False,3,2,3,3,3,0.503,0,SYNTHETIC_DEMO_DATA
PID-01017,UNIT-17,52.7,9,20,0.13,3.2,0,32.3,False,3,4,4,2,2,0.292,0,SYNTHETIC_DEMO_DATA
PID-01018,UNIT-05,48.2,9,20,0.17,7.4,1,45.9,False,3,3,3,3,3,0.406,0,SYNTHETIC_DEMO_DATA
PID-01019,UNIT-23,47.3,4,6,0.23,5.5,0,28.4,False,3,4,4,2,3,0.309,0,SYNTHETIC_DEMO_DATA
PID-01020,UNIT-40,60.7,6,4,0.06,7.9,3,9.0,False,3,2,3,3,4,0.57,1,SYNTHETIC_DEMO_DATA
PID-01021,UNIT-01,56.8,4,0,0.3,4.4,1,20.5,True,2,2,4,3,3,0.441,1,SYNTHETIC_DEMO_DATA
PID-01022,UNIT-01,56.4,6,9,0.28,3.9,1,33.7,False,3,3,3,3,2,0.503,0,SYNTHETIC_DEMO_DATA
PID-01023,UNIT-36,57.7,6,9,0.44,7.2,1,17.5,False,3,3,3,3,3,0.544,0,SYNTHETIC_DEMO_DATA
PID-01024,UNIT-11,60.6,7,13,0.49,6.1,4,35.1,False,3,3,3,3,3,0.545,1,SYNTHETIC_DEMO_DATA
PID-01025,UNIT-25,30.0,6,14,0.18,2.5,0,19.3,False,2,4,4,2,2,0.332,0,SYNTHETIC_DEMO_DATA
PID-01026,UNIT-25,46.9,5,7,0.2,9.0,0,23.3,False,3,3,3,3,3,0.476,0,SYNTHETIC_DEMO_DATA
PID-01027,UNIT-20,30.0,6,12,0.27,7.2,2,16.5,False,3,4,4,2,3,0.42,0,SYNTHETIC_DEMO_DATA
PID-01028,UNIT-20,52.5,7,4,0.49,4.8,1,21.6,False,3,3,3,3,3,0.542,0,SYNTHETIC_DEMO_DATA
PID-01029,UNIT-28,51.9,7,12,0.13,3.6,1,22.1,False,2,4,4,4,2,0.514,0,SYNTHETIC_DEMO_DATA
PID-01030,UNIT-10,66.6,5,5,0.3,6.1,0,3.9,False,3,2,4,4,2,0.473,0,SYNTHETIC_DEMO_DATA
PID-01031,UNIT-08,68.6,6,11,0.07,7.0,0,15.6,False,3,3,3,4,2,0.552,0,SYNTHETIC_DEMO_DATA
PID-01032,UNIT-40,54.8,8,11,0.06,0.2,1,7.7,False,2,4,3,2,2,0.277,0,SYNTHETIC_DEMO_DATA
PID-01033,UNIT-01,45.0,5,9,0.08,6.1,1,15.9,False,2,4,4,4,3,0.54,0,SYNTHETIC_DEMO_DATA
PID-01034,UNIT-08,58.8,9,13,0.3,7.0,1,12.0,False,4,4,3,3,3,0.462,0,SYNTHETIC_DEMO_DATA
PID-01035,UNIT-30,44.6,11,0,0.14,0.0,1,30.1,True,2,3,4,3,3,0.389,0,SYNTHETIC_DEMO_DATA
PID-01036,UNIT-23,52.0,7,2,0.12,5.6,0,30.2,False,3,3,2,3,3,0.445,0,SYNTHETIC_DEMO_DATA
PID-01037,UNIT-13,65.8,9,7,0.15,7.1,3,25.6,False,3,3,4,3,3,0.486,1,SYNTHETIC_DEMO_DATA
PID-01038,UNIT-05,44.2,5,0,0.33,6.7,0,7.3,False,3,3,3,3,3,0.47,0,SYNTHETIC_DEMO_DATA
PID-01039,UNIT-15,63.3,8,6,0.45,7.4,0,19.0,False,2,3,3,3,4,0.61,1,SYNTHETIC_DEMO_DATA
PID-01040,UNIT-03,61.5,5,6,0.33,4.0,0,6.5,False,3,4,4,2,2,0.421,0,SYNTHETIC_DEMO_DATA
PID-01041,UNIT-23,38.6,5,16,0.13,1.9,1,18.5,False,3,4,4,2,2,0.274,0,SYNTHETIC_DEMO_DATA
PID-01042,UNIT-20,65.6,3,9,0.06,0.0,0,26.5,False,3,4,4,3,2,0.303,0,SYNTHETIC_DEMO_DATA
PID-01043,UNIT-37,61.8,13,15,0.01,8.3,0,29.9,False,1,4,4,3,2,0.325,1,SYNTHETIC_DEMO_DATA
PID-01044,UNIT-33,53.4,4,10,0.37,7.1,0,24.7,False,4,3,4,3,3,0.385,0,SYNTHETIC_DEMO_DATA
PID-01045,UNIT-19,41.3,5,5,0.12,8.5,1,32.6,False,2,3,4,2,3,0.305,0,SYNTHETIC_DEMO_DATA
PID-01046,UNIT-22,40.0,7,9,0.44,2.8,1,22.6,False,2,4,3,3,3,0.471,0,SYNTHETIC_DEMO_DATA
PID-01047,UNIT-28,44.5,8,13,0.61,7.4,2,17.7,False,3,3,2,3,3,0.537,0,SYNTHETIC_DEMO_DATA
PID-01048,UNIT-12,59.6,2,16,0.53,0.5,0,28.7,False,3,3,4,2,3,0.337,0,SYNTHETIC_DEMO_DATA
PID-01049,UNIT-25,38.6,6,8,0.19,2.4,2,29.1,False,2,4,4,2,3,0.292,0,SYNTHETIC_DEMO_DATA
PID-01050,UNIT-01,58.1,9,0,0.47,5.4,0,14.8,False,3,2,3,4,4,0.585,1,SYNTHETIC_DEMO_DATA
PID-01051,UNIT-38,34.6,6,0,0.21,7.0,0,23.8,True,3,3,4,3,2,0.353,0,SYNTHETIC_DEMO_DATA
PID-01052,UNIT-38,49.1,6,7,0.09,10.0,0,17.1,False,3,2,4,3,3,0.435,0,SYNTHETIC_DEMO_DATA
PID-01053,UNIT-36,53.5,6,0,0.49,4.3,2,0.0,True,2,3,2,4,4,0.659,0,SYNTHETIC_DEMO_DATA
PID-01054,UNIT-09,86.2,2,19,0.48,2.4,0,24.4,False,3,3,3,3,3,0.46,0,SYNTHETIC_DEMO_DATA
PID-01055,UNIT-32,32.7,11,12,0.16,2.2,0,7.1,False,2,4,4,3,2,0.392,0,SYNTHETIC_DEMO_DATA
PID-01056,UNIT-23,72.6,7,5,0.28,2.9,0,23.3,False,4,3,4,3,4,0.354,0,SYNTHETIC_DEMO_DATA
PID-01057,UNIT-40,54.1,11,2,0.19,11.7,1,4.6,False,4,3,5,3,3,0.356,1,SYNTHETIC_DEMO_DATA
PID-01058,UNIT-01,57.8,4,15,0.48,7.3,6,12.8,False,5,2,3,3,4,0.546,0,SYNTHETIC_DEMO_DATA
PID-01059,UNIT-16,53.7,4,2,0.19,8.3,0,15.7,True,3,3,3,3,3,0.542,0,SYNTHETIC_DEMO_DATA
PID-01060,UNIT-04,58.2,7,2,0.5,4.3,0,32.0,False,3,4,2,1,4,0.411,0,SYNTHETIC_DEMO_DATA
PID-01061,UNIT-38,49.8,7,4,0.45,5.0,2,14.7,False,3,3,3,3,3,0.612,0,SYNTHETIC_DEMO_DATA
PID-01062,UNIT-07,72.4,5,9,0.32,7.1,3,9.3,False,3,3,3,3,4,0.464,1,SYNTHETIC_DEMO_DATA
PID-01063,UNIT-02,45.6,4,12,0.39,3.5,0,23.6,False,3,3,2,2,2,0.384,0,SYNTHETIC_DEMO_DATA
PID-01064,UNIT-05,67.9,4,16,0.07,4.1,1,17.8,False,1,4,3,3,2,0.459,0,SYNTHETIC_DEMO_DATA
PID-01065,UNIT-39,43.0,8,15,0.2,3.0,1,27.9,False,2,4,4,2,2,0.351,0,SYNTHETIC_DEMO_DATA
PID-01066,UNIT-22,51.2,5,9,0.37,3.7,0,9.9,False,3,3,3,3,3,0.427,0,SYNTHETIC_DEMO_DATA
PID-01067,UNIT-05,37.0,2,15,0.47,5.1,1,22.1,False,2,4,3,2,2,0.325,0,SYNTHETIC_DEMO_DATA
PID-01068,UNIT-16,58.4,5,4,0.52,2.5,2,44.7,False,2,3,2,2,3,0.515,0,SYNTHETIC_DEMO_DATA
PID-01069,UNIT-18,72.2,4,0,0.05,5.9,1,17.6,False,4,4,4,3,2,0.475,0,SYNTHETIC_DEMO_DATA
PID-01070,UNIT-33,50.9,8,4,0.22,5.9,0,21.9,False,2,3,4,3,3,0.42,0,SYNTHETIC_DEMO_DATA
PID-01071,UNIT-09,49.2,5,4,0.1,4.5,4,3.4,False,3,2,3,3,4,0.515,0,SYNTHETIC_DEMO_DATA
PID-01072,UNIT-05,36.4,6,5,0.06,2.5,1,11.5,False,2,4,3,2,3,0.358,0,SYNTHETIC_DEMO_DATA
PID-01073,UNIT-30,48.8,6,3,0.29,5.3,5,24.6,False,3,4,3,3,3,0.517,1,SYNTHETIC_DEMO_DATA
PID-01074,UNIT-18,30.0,7,6,0.13,3.5,2,16.7,False,3,4,4,3,4,0.387,0,SYNTHETIC_DEMO_DATA
PID-01075,UNIT-05,39.2,6,12,0.3,5.1,2,26.1,False,3,3,3,3,2,0.415,1,SYNTHETIC_DEMO_DATA
PID-01076,UNIT-18,55.2,3,19,0.2,8.3,2,24.2,False,3,3,4,3,3,0.382,0,SYNTHETIC_DEMO_DATA
PID-01077,UNIT-18,70.5,3,0,0.35,1.2,0,6.8,True,3,3,4,3,2,0.42,0,SYNTHETIC_DEMO_DATA
PID-01078,UNIT-10,91.3,3,1,0.41,11.5,1,30.2,True,3,2,3,4,3,0.657,1,SYNTHETIC_DEMO_DATA
PID-01079,UNIT-09,43.8,5,4,0.23,4.8,1,7.6,False,3,4,4,3,4,0.33,0,SYNTHETIC_DEMO_DATA
PID-01080,UNIT-04,72.1,1,13,0.13,6.2,0,12.4,False,2,3,3,3,2,0.514,0,SYNTHETIC_DEMO_DATA
PID-01081,UNIT-34,55.4,5,7,0.38,2.7,0,22.3,False,3,3,3,3,2,0.463,0,SYNTHETIC_DEMO_DATA
PID-01082,UNIT-01,49.9,2,4,0.07,8.4,4,35.7,False,3,4,4,3,3,0.413,0,SYNTHETIC_DEMO_DATA
PID-01083,UNIT-21,58.1,6,13,0.12,4.6,0,10.0,False,2,3,4,2,3,0.427,0,SYNTHETIC_DEMO_DATA
PID-01084,UNIT-01,52.9,6,14,0.19,3.8,0,21.5,False,2,3,4,3,3,0.398,0,SYNTHETIC_DEMO_DATA
PID-01085,UNIT-33,53.5,8,8,0.07,3.3,1,21.6,False,2,3,4,4,2,0.407,0,SYNTHETIC_DEMO_DATA
PID-01086,UNIT-16,46.3,10,4,0.05,4.2,3,26.6,False,3,4,3,2,2,0.501,0,SYNTHETIC_DEMO_DATA
PID-01087,UNIT-40,32.4,5,10,0.35,6.3,3,31.8,False,3,3,4,3,3,0.496,0,SYNTHETIC_DEMO_DATA
PID-01088,UNIT-03,30.4,4,7,0.43,5.5,1,16.0,False,4,4,4,2,3,0.306,1,SYNTHETIC_DEMO_DATA
PID-01089,UNIT-14,61.1,7,7,0.3,4.9,3,30.1,False,4,3,3,4,3,0.557,0,SYNTHETIC_DEMO_DATA
PID-01090,UNIT-16,48.1,10,5,0.07,2.9,2,33.3,False,2,3,5,3,3,0.363,0,SYNTHETIC_DEMO_DATA
PID-01091,UNIT-03,43.7,10,14,0.15,2.7,0,37.8,False,2,3,3,4,2,0.387,0,SYNTHETIC_DEMO_DATA
PID-01092,UNIT-18,52.1,7,10,0.37,3.6,2,25.0,False,3,3,5,3,3,0.416,0,SYNTHETIC_DEMO_DATA
PID-01093,UNIT-19,63.1,5,15,0.33,6.4,1,21.6,False,3,3,3,4,3,0.585,0,SYNTHETIC_DEMO_DATA
PID-01094,UNIT-18,54.5,18,17,0.48,7.0,1,15.3,False,3,2,3,4,3,0.605,0,SYNTHETIC_DEMO_DATA
PID-01095,UNIT-22,42.8,6,11,0.49,7.4,1,5.4,False,3,4,2,3,3,0.524,0,SYNTHETIC_DEMO_DATA
PID-01096,UNIT-08,69.2,5,5,0.62,5.0,1,17.2,False,4,2,3,3,3,0.578,0,SYNTHETIC_DEMO_DATA
PID-01097,UNIT-10,74.1,4,15,0.17,6.2,1,21.1,False,3,3,4,3,3,0.388,1,SYNTHETIC_DEMO_DATA
PID-01098,UNIT-20,58.9,8,11,0.28,4.5,2,18.9,False,3,4,3,3,3,0.579,0,SYNTHETIC_DEMO_DATA
PID-01099,UNIT-26,65.6,7,24,0.14,0.0,3,26.0,False,1,2,4,3,3,0.357,0,SYNTHETIC_DEMO_DATA
PID-01100,UNIT-16,69.4,5,10,0.17,4.4,2,5.5,False,3,3,3,2,2,0.398,0,SYNTHETIC_DEMO_DATA
PID-01101,UNIT-19,67.8,5,13,0.26,3.9,3,18.2,False,4,3,2,3,2,0.506,0,SYNTHETIC_DEMO_DATA
PID-01102,UNIT-40,60.6,5,10,0.2,1.9,1,39.9,False,2,3,4,3,2,0.381,0,SYNTHETIC_DEMO_DATA
PID-01103,UNIT-26,60.4,6,8,0.14,3.3,0,30.0,False,2,3,4,2,2,0.346,0,SYNTHETIC_DEMO_DATA
PID-01104,UNIT-02,59.3,3,7,0.34,5.4,2,26.2,False,3,4,3,3,3,0.485,0,SYNTHETIC_DEMO_DATA
PID-01105,UNIT-15,36.6,6,10,0.13,1.6,1,23.9,False,2,5,4,3,3,0.379,0,SYNTHETIC_DEMO_DATA
PID-01106,UNIT-03,61.8,5,12,0.38,2.9,5,16.3,False,3,4,3,3,3,0.47,1,SYNTHETIC_DEMO_DATA
PID-01107,UNIT-36,33.0,7,15,0.38,9.6,2,2.5,False,3,4,3,3,2,0.484,0,SYNTHETIC_DEMO_DATA
PID-01108,UNIT-33,40.9,6,10,0.29,0.2,2,24.6,False,3,3,4,2,3,0.277,0,SYNTHETIC_DEMO_DATA
PID-01109,UNIT-19,70.2,4,6,0.22,4.5,1,0.0,False,2,2,4,3,3,0.491,0,SYNTHETIC_DEMO_DATA
PID-01110,UNIT-11,63.8,8,7,0.09,1.5,3,16.7,False,4,3,5,3,3,0.439,0,SYNTHETIC_DEMO_DATA
PID-01111,UNIT-29,72.8,5,1,0.25,2.7,0,20.0,True,4,4,4,3,4,0.455,0,SYNTHETIC_DEMO_DATA
PID-01112,UNIT-08,48.2,4,18,0.34,4.4,0,15.5,False,3,3,4,3,2,0.356,0,SYNTHETIC_DEMO_DATA
PID-01113,UNIT-31,35.9,6,5,0.14,2.0,0,41.7,False,2,3,4,2,2,0.332,0,SYNTHETIC_DEMO_DATA
PID-01114,UNIT-35,48.6,8,14,0.36,6.7,0,38.2,False,3,3,3,2,2,0.361,0,SYNTHETIC_DEMO_DATA
PID-01115,UNIT-08,53.4,6,10,0.5,9.1,1,30.3,False,3,3,3,3,2,0.515,1,SYNTHETIC_DEMO_DATA
PID-01116,UNIT-22,53.1,7,10,0.43,7.5,0,10.7,False,2,3,4,4,2,0.502,0,SYNTHETIC_DEMO_DATA
PID-01117,UNIT-07,67.9,2,8,0.72,8.1,1,39.2,False,2,2,2,3,3,0.712,1,SYNTHETIC_DEMO_DATA
PID-01118,UNIT-25,46.9,11,4,0.23,0.9,0,26.2,False,3,4,4,4,3,0.407,0,SYNTHETIC_DEMO_DATA
PID-01119,UNIT-27,56.9,5,3,0.31,4.3,3,10.6,False,3,2,3,3,3,0.375,0,SYNTHETIC_DEMO_DATA
PID-01120,UNIT-01,38.2,8,19,0.24,6.4,1,20.3,False,2,3,5,3,2,0.323,0,SYNTHETIC_DEMO_DATA
PID-01121,UNIT-38,58.3,2,9,0.11,7.6,2,29.6,False,3,2,3,3,3,0.399,0,SYNTHETIC_DEMO_DATA
PID-01122,UNIT-11,52.0,6,15,0.2,10.3,2,14.0,False,2,3,4,3,4,0.416,0,SYNTHETIC_DEMO_DATA
PID-01123,UNIT-19,41.5,14,17,0.04,8.2,0,21.4,False,2,3,3,4,2,0.442,0,SYNTHETIC_DEMO_DATA
PID-01124,UNIT-11,48.7,6,6,0.45,7.7,2,23.2,False,3,3,3,3,2,0.467,0,SYNTHETIC_DEMO_DATA
PID-01125,UNIT-37,49.4,4,11,0.19,12.0,0,9.0,False,3,3,4,3,2,0.39,0,SYNTHETIC_DEMO_DATA
PID-01126,UNIT-31,48.2,4,9,0.31,5.3,1,17.3,False,2,3,3,4,3,0.572,0,SYNTHETIC_DEMO_DATA
PID-01127,UNIT-40,76.8,5,2,0.13,4.1,2,9.7,True,3,4,2,3,3,0.556,0,SYNTHETIC_DEMO_DATA
PID-01128,UNIT-16,50.6,12,7,0.3,5.5,1,28.7,False,2,3,3,3,3,0.547,0,SYNTHETIC_DEMO_DATA
PID-01129,UNIT-23,48.6,6,12,0.27,2.3,1,10.9,False,2,3,4,3,3,0.402,0,SYNTHETIC_DEMO_DATA
PID-01130,UNIT-24,30.0,6,6,0.34,5.2,0,22.9,False,3,3,4,3,2,0.446,0,SYNTHETIC_DEMO_DATA
PID-01131,UNIT-10,39.5,4,7,0.12,0.0,2,6.1,False,3,3,3,3,2,0.403,0,SYNTHETIC_DEMO_DATA
PID-01132,UNIT-38,48.3,1,7,0.08,3.4,0,8.7,False,2,4,4,2,3,0.403,0,SYNTHETIC_DEMO_DATA
PID-01133,UNIT-35,42.4,6,21,0.4,4.7,2,8.2,False,3,4,4,2,1,0.367,0,SYNTHETIC_DEMO_DATA
PID-01134,UNIT-40,71.3,7,0,0.11,7.8,2,17.1,True,3,2,4,4,3,0.522,0,SYNTHETIC_DEMO_DATA
PID-01135,UNIT-19,49.7,10,12,0.31,8.3,3,21.8,False,4,2,3,3,3,0.544,0,SYNTHETIC_DEMO_DATA
PID-01136,UNIT-06,70.0,8,7,0.45,2.1,3,23.6,False,3,3,3,3,4,0.525,1,SYNTHETIC_DEMO_DATA
PID-01137,UNIT-07,52.9,9,5,0.49,11.2,1,2.3,False,1,2,3,3,2,0.534,0,SYNTHETIC_DEMO_DATA
PID-01138,UNIT-23,52.5,5,7,0.3,5.4,1,18.3,False,3,3,5,4,2,0.463,0,SYNTHETIC_DEMO_DATA
PID-01139,UNIT-33,50.8,6,13,0.16,5.7,1,12.5,False,2,4,3,2,2,0.432,0,SYNTHETIC_DEMO_DATA
PID-01140,UNIT-28,52.1,4,13,0.48,0.1,2,25.3,False,2,3,3,3,1,0.345,0,SYNTHETIC_DEMO_DATA
PID-01141,UNIT-30,76.1,7,10,0.21,3.1,3,17.3,False,3,3,3,4,3,0.554,0,SYNTHETIC_DEMO_DATA
PID-01142,UNIT-32,30.0,5,15,0.01,8.1,2,19.2,False,1,3,4,3,3,0.423,0,SYNTHETIC_DEMO_DATA
PID-01143,UNIT-34,30.0,5,16,0.33,5.5,1,12.6,False,2,4,4,2,3,0.336,0,SYNTHETIC_DEMO_DATA
PID-01144,UNIT-37,44.4,3,13,0.34,5.3,1,37.2,False,3,3,4,2,2,0.292,0,SYNTHETIC_DEMO_DATA
PID-01145,UNIT-15,52.2,6,5,0.52,5.7,1,7.2,False,3,3,3,4,3,0.445,0,SYNTHETIC_DEMO_DATA
PID-01146,UNIT-30,61.7,10,11,0.12,0.7,0,16.0,False,2,4,4,2,2,0.427,0,SYNTHETIC_DEMO_DATA
PID-01147,UNIT-12,58.6,5,11,0.26,4.7,0,21.1,False,3,3,4,2,3,0.351,0,SYNTHETIC_DEMO_DATA
PID-01148,UNIT-28,46.6,6,4,0.59,9.2,0,17.5,False,2,3,4,3,4,0.55,0,SYNTHETIC_DEMO_DATA
PID-01149,UNIT-03,66.3,4,0,0.08,8.3,2,12.4,True,3,3,3,3,3,0.566,0,SYNTHETIC_DEMO_DATA
PID-01150,UNIT-03,66.4,5,0,0.2,4.6,1,1.9,True,3,3,3,3,4,0.466,0,SYNTHETIC_DEMO_DATA
PID-01151,UNIT-08,54.6,9,9,0.36,9.7,2,13.1,False,3,3,2,2,2,0.383,1,SYNTHETIC_DEMO_DATA
PID-01152,UNIT-22,65.5,9,10,0.46,1.2,0,10.4,False,3,3,3,3,3,0.454,0,SYNTHETIC_DEMO_DATA
PID-01153,UNIT-37,55.8,7,1,0.28,2.1,2,36.8,False,4,4,3,3,3,0.489,1,SYNTHETIC_DEMO_DATA
PID-01154,UNIT-24,44.1,7,15,0.3,10.6,0,42.6,False,3,4,4,3,3,0.455,0,SYNTHETIC_DEMO_DATA
PID-01155,UNIT-23,61.8,10,9,0.28,6.7,4,19.5,False,3,2,3,3,3,0.482,0,SYNTHETIC_DEMO_DATA
PID-01156,UNIT-28,53.5,8,17,0.58,4.1,1,6.0,False,3,3,3,2,3,0.424,1,SYNTHETIC_DEMO_DATA
PID-01157,UNIT-36,52.0,6,11,0.3,4.8,0,27.4,False,3,3,3,3,3,0.465,0,SYNTHETIC_DEMO_DATA
PID-01158,UNIT-24,72.6,7,2,0.46,2.6,1,10.2,True,3,2,4,2,3,0.471,0,SYNTHETIC_DEMO_DATA
PID-01159,UNIT-30,30.0,7,11,0.28,5.8,2,14.5,False,1,4,3,3,3,0.434,0,SYNTHETIC_DEMO_DATA
PID-01160,UNIT-17,32.2,5,13,0.33,5.6,0,13.7,False,3,4,3,3,3,0.447,0,SYNTHETIC_DEMO_DATA
PID-01161,UNIT-40,35.4,4,5,0.09,5.1,2,15.0,False,3,4,4,2,2,0.361,0,SYNTHETIC_DEMO_DATA
PID-01162,UNIT-20,46.9,8,0,0.29,1.5,1,16.5,True,3,3,3,2,3,0.453,0,SYNTHETIC_DEMO_DATA
PID-01163,UNIT-36,48.4,7,9,0.49,5.8,1,6.9,False,3,4,3,2,2,0.388,0,SYNTHETIC_DEMO_DATA
PID-01164,UNIT-39,30.9,5,2,0.16,3.4,1,13.0,True,1,4,4,2,3,0.181,0,SYNTHETIC_DEMO_DATA
PID-01165,UNIT-36,38.2,3,15,0.58,2.0,0,30.2,False,1,2,4,3,3,0.369,0,SYNTHETIC_DEMO_DATA
PID-01166,UNIT-14,39.9,8,6,0.34,8.8,0,19.7,False,2,3,3,2,5,0.411,0,SYNTHETIC_DEMO_DATA
PID-01167,UNIT-15,86.4,2,19,0.2,11.5,0,21.3,False,3,3,3,3,4,0.456,1,SYNTHETIC_DEMO_DATA
PID-01168,UNIT-32,77.2,5,0,0.35,10.8,2,0.0,True,4,3,2,4,4,0.607,1,SYNTHETIC_DEMO_DATA
PID-01169,UNIT-38,46.2,9,9,0.31,7.0,0,29.5,False,3,3,3,3,3,0.445,0,SYNTHETIC_DEMO_DATA
PID-01170,UNIT-25,46.9,10,17,0.08,4.2,1,13.1,False,2,4,3,3,2,0.427,0,SYNTHETIC_DEMO_DATA
PID-01171,UNIT-32,35.9,6,3,0.09,4.8,1,31.2,False,2,3,3,3,3,0.45,0,SYNTHETIC_DEMO_DATA
PID-01172,UNIT-18,30.0,6,8,0.16,6.2,2,21.5,False,3,3,4,4,3,0.354,0,SYNTHETIC_DEMO_DATA
PID-01173,UNIT-35,50.4,4,6,0.07,3.7,6,14.4,False,2,3,4,3,2,0.359,0,SYNTHETIC_DEMO_DATA
PID-01174,UNIT-17,38.0,12,4,0.24,9.0,0,3.2,False,4,4,5,3,3,0.465,0,SYNTHETIC_DEMO_DATA
PID-01175,UNIT-25,50.8,7,10,0.23,0.0,2,41.7,False,4,3,3,2,3,0.374,0,SYNTHETIC_DEMO_DATA
PID-01176,UNIT-22,30.0,9,1,0.17,4.1,0,28.0,True,4,4,3,2,3,0.38,0,SYNTHETIC_DEMO_DATA
PID-01177,UNIT-34,41.3,3,8,0.27,7.4,0,28.6,False,3,4,4,3,2,0.347,0,SYNTHETIC_DEMO_DATA
PID-01178,UNIT-32,54.1,7,12,0.47,2.5,1,38.2,False,2,3,4,3,2,0.427,0,SYNTHETIC_DEMO_DATA
PID-01179,UNIT-34,57.1,7,7,0.37,4.3,0,22.2,False,3,2,4,3,3,0.42,0,SYNTHETIC_DEMO_DATA
PID-01180,UNIT-05,57.8,8,2,0.34,6.8,0,33.5,True,4,2,3,3,3,0.477,0,SYNTHETIC_DEMO_DATA
PID-01181,UNIT-10,33.5,6,15,0.62,9.6,1,15.2,False,2,4,3,4,3,0.468,0,SYNTHETIC_DEMO_DATA
PID-01182,UNIT-37,64.0,4,13,0.47,1.1,0,27.4,False,2,4,4,2,2,0.311,0,SYNTHETIC_DEMO_DATA
PID-01183,UNIT-06,40.8,4,2,0.43,0.9,1,13.7,True,2,2,4,2,2,0.45,0,SYNTHETIC_DEMO_DATA
PID-01184,UNIT-31,60.9,5,1,0.26,2.2,0,15.0,False,2,4,4,2,2,0.355,0,SYNTHETIC_DEMO_DATA
PID-01185,UNIT-26,51.9,8,3,0.67,0.4,1,21.0,False,4,2,3,4,3,0.591,0,SYNTHETIC_DEMO_DATA
PID-01186,UNIT-14,32.7,12,12,0.24,0.6,0,7.3,False,2,3,4,2,3,0.298,0,SYNTHETIC_DEMO_DATA
PID-01187,UNIT-02,47.6,2,10,0.27,2.1,2,23.3,False,3,4,4,2,2,0.327,0,SYNTHETIC_DEMO_DATA
PID-01188,UNIT-01,57.1,8,13,0.03,8.7,0,16.9,False,3,5,3,5,3,0.557,0,SYNTHETIC_DEMO_DATA
PID-01189,UNIT-36,60.6,5,7,0.34,4.1,1,0.1,False,4,4,4,3,3,0.513,0,SYNTHETIC_DEMO_DATA
PID-01190,UNIT-05,50.0,6,3,0.14,5.1,3,15.4,False,3,3,4,3,3,0.471,0,SYNTHETIC_DEMO_DATA
PID-01191,UNIT-30,73.4,4,14,0.57,2.1,0,16.5,False,3,3,3,2,4,0.381,0,SYNTHETIC_DEMO_DATA
PID-01192,UNIT-06,66.1,6,5,0.26,6.9,3,28.5,False,3,3,4,2,3,0.414,1,SYNTHETIC_DEMO_DATA
PID-01193,UNIT-16,48.4,7,10,0.1,10.6,0,22.9,False,3,4,4,3,2,0.491,1,SYNTHETIC_DEMO_DATA
PID-01194,UNIT-05,62.5,9,0,0.21,2.3,0,34.5,True,4,3,4,3,2,0.304,1,SYNTHETIC_DEMO_DATA
PID-01195,UNIT-26,79.1,4,5,0.59,10.2,2,25.2,False,2,2,3,4,3,0.659,1,SYNTHETIC_DEMO_DATA
PID-01196,UNIT-05,79.4,4,15,0.39,6.1,1,14.5,False,4,3,3,2,2,0.476,1,SYNTHETIC_DEMO_DATA
PID-01197,UNIT-26,34.8,4,4,0.78,5.1,2,19.4,False,2,3,3,2,3,0.402,0,SYNTHETIC_DEMO_DATA
PID-01198,UNIT-39,39.0,5,13,0.78,6.2,3,16.5,False,3,4,1,3,2,0.591,0,SYNTHETIC_DEMO_DATA
PID-01199,UNIT-30,72.8,5,0,0.2,6.2,0,24.9,True,3,2,4,5,3,0.62,0,SYNTHETIC_DEMO_DATA
PID-01200,UNIT-27,37.2,4,5,0.37,10.6,0,20.6,False,3,3,4,3,3,0.383,0,SYNTHETIC_DEMO_DATA
